Product 1,Product 2,Count
Camp Collared (Shirt),Slim-Fit (Trousers),29
Casual Slim Fit (Shirt),Windbreaker (Jacket),29
Bomber (Jacket),Linen (Shirt),28
Flannel (Shirt),Shearling (Jacket),27
Cargo Pants (Trousers),Joggers (Trousers),27
Casual Slim Fit (Shirt),Pleated (Trousers),27
Bomber (Jacket),Oxford Cloth (Shirt),27
Casual Slim Fit (Shirt),Slim-Fit (Trousers),27
Joggers (Trousers),Slim-Fit (Trousers),26
Denim (Shirt),Relaxed Leg (Trousers),26
Flannel (Shirt),Slim-Fit (Trousers),26
Coach (Jacket),Shearling (Jacket),26
Cardigan (Jacket),Henley (Shirt),26
Coach (Jacket),Henley (Shirt),26
Bomber (Jacket),Casual Slim Fit (Shirt),26
Henley (Shirt),Joggers (Trousers),26
Linen (Shirt),Slim-Fit (Trousers),25
Puffer (Jacket),Wool (Trousers),25
Bomber (Jacket),Henley (Shirt),25
Cords (Trousers),Mandarin Collar (Shirt),25
Denim (Shirt),Flannel (Shirt),25
High-Waisted (Trousers),Tracksuit Bottoms (Trousers),25
Flannel (Shirt),Pleated (Trousers),25
Chambray (Shirt),Relaxed Leg (Trousers),24
Cargo Pants (Trousers),Chinos (Trousers),24
Bomber (Jacket),Shearling (Jacket),24
Denim (Shirt),Joggers (Trousers),24
Denim (Shirt),Oxford Cloth (Shirt),24
Casual Slim Fit (Shirt),Linen (Shirt),24
Henley (Shirt),Pleated (Trousers),24
Parka (Jacket),Slim-Fit (Trousers),24
Joggers (Trousers),Relaxed Leg (Trousers),24
Denim (Jacket),Puffer (Jacket),24
Leather (Jacket),Pullover (Jacket),24
Bomber (Jacket),Slim-Fit (Trousers),23
Pleated (Trousers),Relaxed Leg (Trousers),23
Denim (Jacket),Drawstring (Trousers),23
Cuban Collar (Shirt),Slim-Fit (Trousers),23
Dress (Shirt),Joggers (Trousers),23
Chambray (Shirt),Pullover (Jacket),23
Henley (Shirt),Mandarin Collar (Shirt),23
Camp Collared (Shirt),Cords (Trousers),23
Camp Collared (Shirt),Denim (Shirt),23
Bomber (Jacket),Tracksuit Bottoms (Trousers),23
Camp Collared (Shirt),Pullover (Jacket),23
Slim-Fit (Trousers),Trench Coat (Jacket),23
Cardigan (Jacket),Cropped (Trousers),23
Chinos (Trousers),Slim-Fit (Trousers),23
High-Waisted (Trousers),Joggers (Trousers),23
Camp Collared (Shirt),Linen (Shirt),23
Oxford Cloth (Shirt),Trench Coat (Jacket),23
Casual Slim Fit (Shirt),Drawstring (Trousers),23
Camp Collared (Shirt),Trench Coat (Jacket),23
Oxford Cloth (Shirt),Relaxed Leg (Trousers),23
Polo (Shirt),Slim-Fit (Trousers),23
Bomber (Jacket),Pleated (Trousers),23
Joggers (Trousers),Trench Coat (Jacket),23
Cropped (Trousers),Denim (Jacket),23
Cargo Pants (Trousers),Casual Slim Fit (Shirt),23
Joggers (Trousers),Puffer (Jacket),22
Casual Slim Fit (Shirt),Pullover (Jacket),22
Camp Collared (Shirt),Coach (Jacket),22
Chambray (Shirt),Shearling (Jacket),22
Cords (Trousers),Parka (Jacket),22
Bomber (Jacket),Drawstring (Trousers),22
Camp Collared (Shirt),Flannel (Shirt),22
Cropped (Trousers),Oxford Cloth (Shirt),22
Leather (Jacket),Trench Coat (Jacket),22
Flannel (Shirt),Pullover (Jacket),22
Pleated (Trousers),Windbreaker (Jacket),22
Henley (Shirt),Windbreaker (Jacket),22
Camp Collared (Shirt),Oxford Cloth (Shirt),22
Cargo Pants (Trousers),Pullover (Jacket),22
Joggers (Trousers),Peacoat (Jacket),22
Cargo Pants (Trousers),Slim-Fit (Trousers),22
Cardigan (Jacket),Puffer (Jacket),22
Cords (Trousers),Slim-Fit (Trousers),22
Cargo Pants (Trousers),Shearling (Jacket),22
Oxford Cloth (Shirt),Pleated (Trousers),22
Cargo Pants (Trousers),Denim (Shirt),22
Drawstring (Trousers),Relaxed Leg (Trousers),22
Flannel (Shirt),Henley (Shirt),22
Chambray (Shirt),Wool (Trousers),22
Henley (Shirt),Slim-Fit (Trousers),22
Casual Slim Fit (Shirt),Peacoat (Jacket),22
Camp Collared (Shirt),Relaxed Leg (Trousers),22
Henley (Shirt),Shearling (Jacket),22
Henley (Shirt),Parka (Jacket),21
Casual Slim Fit (Shirt),Flannel (Shirt),21
Casual Slim Fit (Shirt),Henley (Shirt),21
Mandarin Collar (Shirt),Slim-Fit (Trousers),21
Drawstring (Trousers),Tracksuit Bottoms (Trousers),21
Mandarin Collar (Shirt),Relaxed Leg (Trousers),21
Denim (Shirt),Puffer (Jacket),21
Cardigan (Jacket),Flannel (Shirt),21
Casual Slim Fit (Shirt),Denim (Shirt),21
Joggers (Trousers),Pullover (Jacket),21
Cargo Pants (Trousers),Flannel (Shirt),21
Cuban Collar (Shirt),Henley (Shirt),21
Bomber (Jacket),Flannel (Shirt),21
Drawstring (Trousers),Wool (Trousers),21
Cardigan (Jacket),Casual Slim Fit (Shirt),21
Puffer (Jacket),Slim-Fit (Trousers),21
Coach (Jacket),Peacoat (Jacket),21
Casual Slim Fit (Shirt),Mandarin Collar (Shirt),21
Denim (Jacket),Windbreaker (Jacket),21
Leather (Jacket),Oxford Cloth (Shirt),21
Mandarin Collar (Shirt),Parka (Jacket),21
Drawstring (Trousers),Slim-Fit (Trousers),21
Camp Collared (Shirt),Shearling (Jacket),21
Slim-Fit (Trousers),Tracksuit Bottoms (Trousers),21
Pullover (Jacket),Wool (Trousers),21
Trench Coat (Jacket),Windbreaker (Jacket),21
Drawstring (Trousers),Puffer (Jacket),21
Relaxed Leg (Trousers),Trench Coat (Jacket),21
Cords (Trousers),Windbreaker (Jacket),21
Pleated (Trousers),Trench Coat (Jacket),21
Coach (Jacket),Trench Coat (Jacket),21
Linen (Shirt),Pleated (Trousers),21
Denim (Shirt),Slim-Fit (Trousers),21
Oxford Cloth (Shirt),Shearling (Jacket),21
Cardigan (Jacket),Trench Coat (Jacket),21
Shearling (Jacket),Tracksuit Bottoms (Trousers),21
Camp Collared (Shirt),Leather (Jacket),21
Drawstring (Trousers),Joggers (Trousers),21
Drawstring (Trousers),Windbreaker (Jacket),20
Peacoat (Jacket),Relaxed Leg (Trousers),20
Coach (Jacket),Relaxed Leg (Trousers),20
Denim (Jacket),High-Waisted (Trousers),20
Cords (Trousers),Puffer (Jacket),20
Bomber (Jacket),Joggers (Trousers),20
Parka (Jacket),Peacoat (Jacket),20
Chinos (Trousers),Pleated (Trousers),20
Parka (Jacket),Tracksuit Bottoms (Trousers),20
Flannel (Shirt),Windbreaker (Jacket),20
Slim-Fit (Trousers),Windbreaker (Jacket),20
Bomber (Jacket),Leather (Jacket),20
Casual Slim Fit (Shirt),Coach (Jacket),20
Cargo Pants (Trousers),Trench Coat (Jacket),20
Chambray (Shirt),Joggers (Trousers),20
Cuban Collar (Shirt),Trench Coat (Jacket),20
Cardigan (Jacket),Denim (Jacket),20
Henley (Shirt),Pullover (Jacket),20
Bomber (Jacket),Denim (Shirt),20
Drawstring (Trousers),Linen (Shirt),20
Oxford Cloth (Shirt),Slim-Fit (Trousers),20
Drawstring (Trousers),Parka (Jacket),20
Dress (Shirt),High-Waisted (Trousers),20
Dress (Shirt),Henley (Shirt),20
Parka (Jacket),Pleated (Trousers),20
Camp Collared (Shirt),Cargo Pants (Trousers),20
Cargo Pants (Trousers),Coach (Jacket),20
Drawstring (Trousers),Oxford Cloth (Shirt),20
Camp Collared (Shirt),Denim (Jacket),20
Casual Slim Fit (Shirt),Trench Coat (Jacket),20
Coach (Jacket),Flannel (Shirt),20
Coach (Jacket),Denim (Jacket),20
Chambray (Shirt),Cords (Trousers),20
Cardigan (Jacket),Leather (Jacket),20
Dress (Shirt),Leather (Jacket),20
Pullover (Jacket),Shearling (Jacket),20
Camp Collared (Shirt),Chambray (Shirt),20
Casual Slim Fit (Shirt),Shearling (Jacket),20
Pleated (Trousers),Slim-Fit (Trousers),20
Denim (Shirt),Peacoat (Jacket),20
Chambray (Shirt),Peacoat (Jacket),20
High-Waisted (Trousers),Puffer (Jacket),20
Cargo Pants (Trousers),Chambray (Shirt),20
Henley (Shirt),Puffer (Jacket),20
Drawstring (Trousers),Henley (Shirt),20
Flannel (Shirt),High-Waisted (Trousers),20
Denim (Shirt),Trench Coat (Jacket),20
Casual Slim Fit (Shirt),Oxford Cloth (Shirt),20
Cords (Trousers),Denim (Shirt),20
Casual Slim Fit (Shirt),High-Waisted (Trousers),20
Chambray (Shirt),Dress (Shirt),20
Cuban Collar (Shirt),Windbreaker (Jacket),20
Peacoat (Jacket),Slim-Fit (Trousers),20
Camp Collared (Shirt),Joggers (Trousers),20
Flannel (Shirt),Trench Coat (Jacket),20
High-Waisted (Trousers),Trench Coat (Jacket),19
High-Waisted (Trousers),Windbreaker (Jacket),19
Tracksuit Bottoms (Trousers),Trench Coat (Jacket),19
Chambray (Shirt),Drawstring (Trousers),19
Cropped (Trousers),Relaxed Leg (Trousers),19
Cardigan (Jacket),Wool (Trousers),19
Cardigan (Jacket),Cargo Pants (Trousers),19
Camp Collared (Shirt),Henley (Shirt),19
Bomber (Jacket),Trench Coat (Jacket),19
Denim (Jacket),Pullover (Jacket),19
Mandarin Collar (Shirt),Puffer (Jacket),19
Shearling (Jacket),Slim-Fit (Trousers),19
Cargo Pants (Trousers),Wool (Trousers),19
Pullover (Jacket),Trench Coat (Jacket),19
Chambray (Shirt),Oxford Cloth (Shirt),19
Chambray (Shirt),Flannel (Shirt),19
Camp Collared (Shirt),Windbreaker (Jacket),19
Cargo Pants (Trousers),Relaxed Leg (Trousers),19
Chambray (Shirt),Henley (Shirt),19
Casual Slim Fit (Shirt),Cropped (Trousers),19
Camp Collared (Shirt),Tracksuit Bottoms (Trousers),19
Coach (Jacket),Puffer (Jacket),19
Cuban Collar (Shirt),Oxford Cloth (Shirt),19
Casual Slim Fit (Shirt),Joggers (Trousers),19
Denim (Jacket),Oxford Cloth (Shirt),19
Denim (Shirt),Henley (Shirt),19
Flannel (Shirt),Oxford Cloth (Shirt),19
Cuban Collar (Shirt),Pleated (Trousers),19
Linen (Shirt),Peacoat (Jacket),19
Cords (Trousers),Flannel (Shirt),19
Cargo Pants (Trousers),Polo (Shirt),19
Coach (Jacket),Joggers (Trousers),19
Drawstring (Trousers),Leather (Jacket),19
Drawstring (Trousers),Dress (Shirt),19
Coach (Jacket),Pullover (Jacket),19
Casual Slim Fit (Shirt),Polo (Shirt),19
Bomber (Jacket),Cardigan (Jacket),19
Cropped (Trousers),Peacoat (Jacket),19
Bomber (Jacket),Peacoat (Jacket),19
Cardigan (Jacket),Shearling (Jacket),19
Cords (Trousers),Henley (Shirt),19
Pleated (Trousers),Pullover (Jacket),19
Cardigan (Jacket),Windbreaker (Jacket),19
High-Waisted (Trousers),Peacoat (Jacket),19
Casual Slim Fit (Shirt),Chinos (Trousers),19
Cardigan (Jacket),Peacoat (Jacket),19
Bomber (Jacket),Chambray (Shirt),19
Denim (Shirt),Drawstring (Trousers),19
Cropped (Trousers),Pleated (Trousers),18
Chinos (Trousers),High-Waisted (Trousers),18
Henley (Shirt),Peacoat (Jacket),18
Cords (Trousers),Relaxed Leg (Trousers),18
Cropped (Trousers),Drawstring (Trousers),18
Puffer (Jacket),Pullover (Jacket),18
Chinos (Trousers),Drawstring (Trousers),18
Coach (Jacket),Dress (Shirt),18
Pleated (Trousers),Tracksuit Bottoms (Trousers),18
Camp Collared (Shirt),Parka (Jacket),18
Leather (Jacket),Slim-Fit (Trousers),18
Pleated (Trousers),Polo (Shirt),18
Cropped (Trousers),Denim (Shirt),18
Joggers (Trousers),Leather (Jacket),18
Chambray (Shirt),Slim-Fit (Trousers),18
Cardigan (Jacket),Mandarin Collar (Shirt),18
Linen (Shirt),Puffer (Jacket),18
High-Waisted (Trousers),Pleated (Trousers),18
Linen (Shirt),Oxford Cloth (Shirt),18
Joggers (Trousers),Mandarin Collar (Shirt),18
Windbreaker (Jacket),Wool (Trousers),18
Cords (Trousers),Joggers (Trousers),18
Cardigan (Jacket),Slim-Fit (Trousers),18
Puffer (Jacket),Trench Coat (Jacket),18
Coach (Jacket),Oxford Cloth (Shirt),18
Pullover (Jacket),Windbreaker (Jacket),18
Coach (Jacket),Linen (Shirt),18
Cords (Trousers),Trench Coat (Jacket),18
Denim (Jacket),Relaxed Leg (Trousers),18
Polo (Shirt),Tracksuit Bottoms (Trousers),18
Flannel (Shirt),Leather (Jacket),18
Chambray (Shirt),Trench Coat (Jacket),18
Leather (Jacket),Pleated (Trousers),18
Leather (Jacket),Peacoat (Jacket),18
Cords (Trousers),Oxford Cloth (Shirt),18
Cardigan (Jacket),Parka (Jacket),18
Bomber (Jacket),Windbreaker (Jacket),18
Chambray (Shirt),Windbreaker (Jacket),18
Cargo Pants (Trousers),Drawstring (Trousers),18
Drawstring (Trousers),Shearling (Jacket),18
Mandarin Collar (Shirt),Pleated (Trousers),18
Denim (Shirt),High-Waisted (Trousers),18
Linen (Shirt),Tracksuit Bottoms (Trousers),18
Cargo Pants (Trousers),Puffer (Jacket),18
Henley (Shirt),Trench Coat (Jacket),18
Cuban Collar (Shirt),Shearling (Jacket),18
Leather (Jacket),Linen (Shirt),18
Cardigan (Jacket),Pleated (Trousers),18
Camp Collared (Shirt),Casual Slim Fit (Shirt),18
Denim (Shirt),Pullover (Jacket),18
Dress (Shirt),Pleated (Trousers),17
Camp Collared (Shirt),Cuban Collar (Shirt),17
Chinos (Trousers),Trench Coat (Jacket),17
Chambray (Shirt),Parka (Jacket),17
Cardigan (Jacket),Chambray (Shirt),17
Cargo Pants (Trousers),Cords (Trousers),17
Casual Slim Fit (Shirt),Parka (Jacket),17
Slim-Fit (Trousers),Wool (Trousers),17
Polo (Shirt),Puffer (Jacket),17
Cropped (Trousers),Shearling (Jacket),17
Henley (Shirt),Leather (Jacket),17
Henley (Shirt),High-Waisted (Trousers),17
Joggers (Trousers),Wool (Trousers),17
Bomber (Jacket),Pullover (Jacket),17
Cargo Pants (Trousers),Oxford Cloth (Shirt),17
Flannel (Shirt),Polo (Shirt),17
Chinos (Trousers),Linen (Shirt),17
Cargo Pants (Trousers),Windbreaker (Jacket),17
Chinos (Trousers),Joggers (Trousers),17
Shearling (Jacket),Windbreaker (Jacket),17
Cargo Pants (Trousers),Dress (Shirt),17
Camp Collared (Shirt),Pleated (Trousers),17
Casual Slim Fit (Shirt),Dress (Shirt),17
Leather (Jacket),Puffer (Jacket),17
Flannel (Shirt),Joggers (Trousers),17
Casual Slim Fit (Shirt),Tracksuit Bottoms (Trousers),17
Bomber (Jacket),Camp Collared (Shirt),17
High-Waisted (Trousers),Wool (Trousers),17
Denim (Jacket),Joggers (Trousers),17
Chinos (Trousers),Coach (Jacket),17
Denim (Shirt),Pleated (Trousers),17
Parka (Jacket),Trench Coat (Jacket),17
High-Waisted (Trousers),Linen (Shirt),17
Joggers (Trousers),Tracksuit Bottoms (Trousers),17
Chambray (Shirt),High-Waisted (Trousers),17
Dress (Shirt),Wool (Trousers),17
Coach (Jacket),Pleated (Trousers),17
Denim (Shirt),Linen (Shirt),17
Parka (Jacket),Shearling (Jacket),17
Bomber (Jacket),Parka (Jacket),17
Cardigan (Jacket),Coach (Jacket),17
Camp Collared (Shirt),Dress (Shirt),17
Cardigan (Jacket),Linen (Shirt),17
Henley (Shirt),Oxford Cloth (Shirt),17
Drawstring (Trousers),Mandarin Collar (Shirt),17
Casual Slim Fit (Shirt),Puffer (Jacket),17
Denim (Shirt),Tracksuit Bottoms (Trousers),17
Chinos (Trousers),Tracksuit Bottoms (Trousers),17
Oxford Cloth (Shirt),Parka (Jacket),17
Peacoat (Jacket),Pullover (Jacket),17
Oxford Cloth (Shirt),Puffer (Jacket),17
Camp Collared (Shirt),Chinos (Trousers),17
Chambray (Shirt),Denim (Shirt),17
Chinos (Trousers),Wool (Trousers),16
Tracksuit Bottoms (Trousers),Windbreaker (Jacket),16
Denim (Jacket),Shearling (Jacket),16
Casual Slim Fit (Shirt),Leather (Jacket),16
High-Waisted (Trousers),Shearling (Jacket),16
Cardigan (Jacket),Relaxed Leg (Trousers),16
Oxford Cloth (Shirt),Peacoat (Jacket),16
Chinos (Trousers),Shearling (Jacket),16
Dress (Shirt),Oxford Cloth (Shirt),16
Denim (Jacket),Henley (Shirt),16
Cords (Trousers),Pleated (Trousers),16
High-Waisted (Trousers),Polo (Shirt),16
Casual Slim Fit (Shirt),Cords (Trousers),16
High-Waisted (Trousers),Parka (Jacket),16
Joggers (Trousers),Oxford Cloth (Shirt),16
Joggers (Trousers),Parka (Jacket),16
Cords (Trousers),Tracksuit Bottoms (Trousers),16
Bomber (Jacket),High-Waisted (Trousers),16
Cuban Collar (Shirt),Pullover (Jacket),16
Oxford Cloth (Shirt),Tracksuit Bottoms (Trousers),16
Denim (Jacket),Trench Coat (Jacket),16
Chambray (Shirt),Chinos (Trousers),16
Joggers (Trousers),Polo (Shirt),16
Coach (Jacket),Polo (Shirt),16
Drawstring (Trousers),Pullover (Jacket),16
Mandarin Collar (Shirt),Wool (Trousers),16
Chambray (Shirt),Leather (Jacket),16
Bomber (Jacket),Cuban Collar (Shirt),16
Coach (Jacket),Leather (Jacket),16
Puffer (Jacket),Relaxed Leg (Trousers),16
Bomber (Jacket),Polo (Shirt),16
Dress (Shirt),Trench Coat (Jacket),16
Henley (Shirt),Tracksuit Bottoms (Trousers),16
Henley (Shirt),Linen (Shirt),16
Linen (Shirt),Pullover (Jacket),16
Denim (Shirt),Leather (Jacket),16
Chambray (Shirt),Pleated (Trousers),16
Cuban Collar (Shirt),Puffer (Jacket),16
Cuban Collar (Shirt),Denim (Shirt),16
Casual Slim Fit (Shirt),Relaxed Leg (Trousers),16
Cargo Pants (Trousers),Pleated (Trousers),16
Peacoat (Jacket),Wool (Trousers),16
Drawstring (Trousers),Trench Coat (Jacket),16
Camp Collared (Shirt),Puffer (Jacket),16
Cropped (Trousers),Cuban Collar (Shirt),16
Cropped (Trousers),Slim-Fit (Trousers),16
Peacoat (Jacket),Shearling (Jacket),16
Drawstring (Trousers),Pleated (Trousers),16
Bomber (Jacket),Dress (Shirt),16
Cargo Pants (Trousers),Peacoat (Jacket),16
Peacoat (Jacket),Polo (Shirt),16
Parka (Jacket),Windbreaker (Jacket),16
Bomber (Jacket),Coach (Jacket),16
Camp Collared (Shirt),Drawstring (Trousers),16
Relaxed Leg (Trousers),Shearling (Jacket),16
Cords (Trousers),Cropped (Trousers),16
Leather (Jacket),Shearling (Jacket),16
Joggers (Trousers),Shearling (Jacket),16
Chinos (Trousers),Cords (Trousers),16
Cropped (Trousers),Joggers (Trousers),16
Camp Collared (Shirt),High-Waisted (Trousers),16
Cargo Pants (Trousers),Henley (Shirt),16
Chinos (Trousers),Parka (Jacket),16
Chinos (Trousers),Puffer (Jacket),16
Cords (Trousers),Shearling (Jacket),16
Cropped (Trousers),Linen (Shirt),16
Parka (Jacket),Relaxed Leg (Trousers),16
Henley (Shirt),Wool (Trousers),16
Leather (Jacket),Relaxed Leg (Trousers),16
Chinos (Trousers),Windbreaker (Jacket),16
Denim (Jacket),Flannel (Shirt),16
Chambray (Shirt),Mandarin Collar (Shirt),16
Cargo Pants (Trousers),Cropped (Trousers),16
Puffer (Jacket),Windbreaker (Jacket),16
Trench Coat (Jacket),Wool (Trousers),16
Casual Slim Fit (Shirt),Cuban Collar (Shirt),16
Cropped (Trousers),High-Waisted (Trousers),15
Bomber (Jacket),Denim (Jacket),15
Pleated (Trousers),Wool (Trousers),15
Cropped (Trousers),Tracksuit Bottoms (Trousers),15
Camp Collared (Shirt),Peacoat (Jacket),15
Cropped (Trousers),Windbreaker (Jacket),15
Cropped (Trousers),Flannel (Shirt),15
Chinos (Trousers),Flannel (Shirt),15
Bomber (Jacket),Cargo Pants (Trousers),15
Cuban Collar (Shirt),Dress (Shirt),15
Denim (Jacket),Tracksuit Bottoms (Trousers),15
Dress (Shirt),Puffer (Jacket),15
Coach (Jacket),Cords (Trousers),15
Bomber (Jacket),Cropped (Trousers),15
High-Waisted (Trousers),Mandarin Collar (Shirt),15
Drawstring (Trousers),Polo (Shirt),15
Cardigan (Jacket),Oxford Cloth (Shirt),15
Coach (Jacket),Denim (Shirt),15
Cords (Trousers),Peacoat (Jacket),15
Flannel (Shirt),Mandarin Collar (Shirt),15
Cardigan (Jacket),Pullover (Jacket),15
Denim (Jacket),Slim-Fit (Trousers),15
Relaxed Leg (Trousers),Wool (Trousers),15
High-Waisted (Trousers),Slim-Fit (Trousers),15
Relaxed Leg (Trousers),Windbreaker (Jacket),15
Casual Slim Fit (Shirt),Wool (Trousers),15
Cuban Collar (Shirt),Leather (Jacket),15
Cropped (Trousers),Parka (Jacket),15
High-Waisted (Trousers),Pullover (Jacket),15
Flannel (Shirt),Relaxed Leg (Trousers),15
Bomber (Jacket),Wool (Trousers),15
Coach (Jacket),High-Waisted (Trousers),15
Dress (Shirt),Flannel (Shirt),15
Henley (Shirt),Relaxed Leg (Trousers),15
Cuban Collar (Shirt),Relaxed Leg (Trousers),15
Dress (Shirt),Windbreaker (Jacket),15
Camp Collared (Shirt),Polo (Shirt),15
Coach (Jacket),Tracksuit Bottoms (Trousers),15
Cuban Collar (Shirt),Flannel (Shirt),15
Chinos (Trousers),Henley (Shirt),15
Mandarin Collar (Shirt),Oxford Cloth (Shirt),15
Denim (Jacket),Pleated (Trousers),15
Relaxed Leg (Trousers),Slim-Fit (Trousers),15
High-Waisted (Trousers),Leather (Jacket),15
Leather (Jacket),Tracksuit Bottoms (Trousers),15
Denim (Jacket),Denim (Shirt),15
Cargo Pants (Trousers),Parka (Jacket),15
Cropped (Trousers),Trench Coat (Jacket),15
Bomber (Jacket),Relaxed Leg (Trousers),15
Denim (Shirt),Wool (Trousers),14
Cuban Collar (Shirt),High-Waisted (Trousers),14
Cardigan (Jacket),Dress (Shirt),14
Henley (Shirt),Polo (Shirt),14
Dress (Shirt),Mandarin Collar (Shirt),14
Flannel (Shirt),Tracksuit Bottoms (Trousers),14
Coach (Jacket),Mandarin Collar (Shirt),14
Dress (Shirt),Relaxed Leg (Trousers),14
Cords (Trousers),Wool (Trousers),14
Cords (Trousers),Dress (Shirt),14
Cardigan (Jacket),Cords (Trousers),14
Polo (Shirt),Windbreaker (Jacket),14
Polo (Shirt),Pullover (Jacket),14
Chinos (Trousers),Mandarin Collar (Shirt),14
Oxford Cloth (Shirt),Wool (Trousers),14
Cuban Collar (Shirt),Drawstring (Trousers),14
Parka (Jacket),Wool (Trousers),14
Polo (Shirt),Wool (Trousers),14
Parka (Jacket),Polo (Shirt),14
Peacoat (Jacket),Trench Coat (Jacket),14
Puffer (Jacket),Tracksuit Bottoms (Trousers),14
Cords (Trousers),Denim (Jacket),14
Drawstring (Trousers),High-Waisted (Trousers),14
Parka (Jacket),Pullover (Jacket),14
Chinos (Trousers),Cropped (Trousers),14
Oxford Cloth (Shirt),Pullover (Jacket),14
Dress (Shirt),Shearling (Jacket),14
Camp Collared (Shirt),Cropped (Trousers),14
Cuban Collar (Shirt),Wool (Trousers),14
Leather (Jacket),Parka (Jacket),14
Dress (Shirt),Tracksuit Bottoms (Trousers),14
High-Waisted (Trousers),Oxford Cloth (Shirt),14
Cardigan (Jacket),Cuban Collar (Shirt),14
Cardigan (Jacket),Chinos (Trousers),14
Relaxed Leg (Trousers),Tracksuit Bottoms (Trousers),14
Linen (Shirt),Mandarin Collar (Shirt),14
Bomber (Jacket),Chinos (Trousers),14
Pleated (Trousers),Shearling (Jacket),14
Pullover (Jacket),Relaxed Leg (Trousers),14
Dress (Shirt),Peacoat (Jacket),14
Chinos (Trousers),Denim (Shirt),14
Chambray (Shirt),Tracksuit Bottoms (Trousers),14
Casual Slim Fit (Shirt),Denim (Jacket),14
Coach (Jacket),Wool (Trousers),14
Denim (Jacket),Peacoat (Jacket),14
Linen (Shirt),Windbreaker (Jacket),14
Flannel (Shirt),Peacoat (Jacket),14
Cuban Collar (Shirt),Linen (Shirt),13
Cargo Pants (Trousers),Tracksuit Bottoms (Trousers),13
Dress (Shirt),Pullover (Jacket),13
Chambray (Shirt),Cuban Collar (Shirt),13
Peacoat (Jacket),Puffer (Jacket),13
Cardigan (Jacket),Denim (Shirt),13
Denim (Shirt),Polo (Shirt),13
Dress (Shirt),Polo (Shirt),13
Puffer (Jacket),Shearling (Jacket),13
Pleated (Trousers),Puffer (Jacket),13
Chinos (Trousers),Peacoat (Jacket),13
Cuban Collar (Shirt),Joggers (Trousers),13
Coach (Jacket),Cropped (Trousers),13
Bomber (Jacket),Puffer (Jacket),13
Cropped (Trousers),Wool (Trousers),13
Oxford Cloth (Shirt),Polo (Shirt),13
Linen (Shirt),Relaxed Leg (Trousers),13
Linen (Shirt),Wool (Trousers),13
Chinos (Trousers),Oxford Cloth (Shirt),13
Chinos (Trousers),Cuban Collar (Shirt),13
Chinos (Trousers),Relaxed Leg (Trousers),13
Chinos (Trousers),Pullover (Jacket),13
Polo (Shirt),Shearling (Jacket),13
Cardigan (Jacket),High-Waisted (Trousers),13
Flannel (Shirt),Parka (Jacket),13
Dress (Shirt),Slim-Fit (Trousers),13
Chambray (Shirt),Denim (Jacket),13
Flannel (Shirt),Puffer (Jacket),13
Cropped (Trousers),Dress (Shirt),13
Chambray (Shirt),Cropped (Trousers),13
Mandarin Collar (Shirt),Tracksuit Bottoms (Trousers),13
Dress (Shirt),Linen (Shirt),13
Coach (Jacket),Drawstring (Trousers),13
Cardigan (Jacket),Drawstring (Trousers),13
Bomber (Jacket),Mandarin Collar (Shirt),13
Linen (Shirt),Trench Coat (Jacket),13
Shearling (Jacket),Wool (Trousers),13
Leather (Jacket),Wool (Trousers),13
Pullover (Jacket),Tracksuit Bottoms (Trousers),13
Cardigan (Jacket),Joggers (Trousers),13
Camp Collared (Shirt),Cardigan (Jacket),12
Camp Collared (Shirt),Wool (Trousers),12
Cardigan (Jacket),Tracksuit Bottoms (Trousers),12
Drawstring (Trousers),Peacoat (Jacket),12
Cuban Collar (Shirt),Peacoat (Jacket),12
Peacoat (Jacket),Pleated (Trousers),12
Bomber (Jacket),Cords (Trousers),12
Flannel (Shirt),Wool (Trousers),12
Shearling (Jacket),Trench Coat (Jacket),12
Joggers (Trousers),Linen (Shirt),12
Cargo Pants (Trousers),Leather (Jacket),12
Cuban Collar (Shirt),Tracksuit Bottoms (Trousers),12
Leather (Jacket),Mandarin Collar (Shirt),12
Pullover (Jacket),Slim-Fit (Trousers),12
Leather (Jacket),Polo (Shirt),12
Mandarin Collar (Shirt),Trench Coat (Jacket),12
Cuban Collar (Shirt),Denim (Jacket),12
Chambray (Shirt),Puffer (Jacket),12
Linen (Shirt),Shearling (Jacket),12
Polo (Shirt),Relaxed Leg (Trousers),12
Polo (Shirt),Trench Coat (Jacket),12
Leather (Jacket),Windbreaker (Jacket),12
Denim (Shirt),Shearling (Jacket),12
Casual Slim Fit (Shirt),Chambray (Shirt),12
Denim (Jacket),Dress (Shirt),12
Peacoat (Jacket),Tracksuit Bottoms (Trousers),12
Flannel (Shirt),Linen (Shirt),12
Chinos (Trousers),Denim (Jacket),12
Chinos (Trousers),Leather (Jacket),12
Mandarin Collar (Shirt),Polo (Shirt),11
Joggers (Trousers),Pleated (Trousers),11
Denim (Jacket),Polo (Shirt),11
Cargo Pants (Trousers),High-Waisted (Trousers),11
Cuban Collar (Shirt),Polo (Shirt),11
Cords (Trousers),Polo (Shirt),11
Cargo Pants (Trousers),Denim (Jacket),11
Mandarin Collar (Shirt),Windbreaker (Jacket),11
Mandarin Collar (Shirt),Shearling (Jacket),11
Chambray (Shirt),Polo (Shirt),11
Cords (Trousers),Pullover (Jacket),11
Cords (Trousers),Linen (Shirt),11
Cords (Trousers),Cuban Collar (Shirt),11
Linen (Shirt),Polo (Shirt),11
Cords (Trousers),Drawstring (Trousers),11
High-Waisted (Trousers),Relaxed Leg (Trousers),11
Denim (Jacket),Linen (Shirt),11
Linen (Shirt),Parka (Jacket),11
Cords (Trousers),High-Waisted (Trousers),11
Coach (Jacket),Slim-Fit (Trousers),11
Chinos (Trousers),Polo (Shirt),10
Chambray (Shirt),Linen (Shirt),10
Cargo Pants (Trousers),Cuban Collar (Shirt),10
Cropped (Trousers),Henley (Shirt),10
Oxford Cloth (Shirt),Windbreaker (Jacket),10
Cropped (Trousers),Puffer (Jacket),10
Denim (Jacket),Parka (Jacket),10
Coach (Jacket),Cuban Collar (Shirt),10
Coach (Jacket),Windbreaker (Jacket),10
Chambray (Shirt),Coach (Jacket),10
Cropped (Trousers),Mandarin Collar (Shirt),10
Mandarin Collar (Shirt),Pullover (Jacket),10
Denim (Shirt),Mandarin Collar (Shirt),10
Denim (Jacket),Leather (Jacket),10
Drawstring (Trousers),Flannel (Shirt),10
Cargo Pants (Trousers),Linen (Shirt),9
Parka (Jacket),Puffer (Jacket),9
Coach (Jacket),Parka (Jacket),9
Cuban Collar (Shirt),Parka (Jacket),9
Cuban Collar (Shirt),Mandarin Collar (Shirt),9
Joggers (Trousers),Windbreaker (Jacket),9
Denim (Shirt),Dress (Shirt),9
Denim (Jacket),Wool (Trousers),9
Dress (Shirt),Parka (Jacket),9
Cargo Pants (Trousers),Mandarin Collar (Shirt),9
Denim (Shirt),Windbreaker (Jacket),9
Cropped (Trousers),Leather (Jacket),8
Peacoat (Jacket),Windbreaker (Jacket),8
Camp Collared (Shirt),Mandarin Collar (Shirt),8
Mandarin Collar (Shirt),Peacoat (Jacket),8
Denim (Shirt),Parka (Jacket),8
Chinos (Trousers),Dress (Shirt),8
Cropped (Trousers),Polo (Shirt),8
Denim (Jacket),Mandarin Collar (Shirt),7
Tracksuit Bottoms (Trousers),Wool (Trousers),6
Cropped (Trousers),Pullover (Jacket),6
Cords (Trousers),Leather (Jacket),6
Cardigan (Jacket),Polo (Shirt),5
