product_id,product_name,product_type,unit_profitability,total_sold,total_revenue,cluster,cluster_label
426,Denim,Jacket,99.42884250474384,527,52399,3,Mature / Declining Segment
114,Denim,Shirt,99.42884250474384,527,52399,3,Mature / Declining Segment
108,Denim,Shirt,99.42884250474384,527,52399,3,Mature / Declining Segment
132,Denim,Shirt,99.42884250474384,527,52399,3,Mature / Declining Segment
452,Denim,Jacket,99.42884250474384,527,52399,3,Mature / Declining Segment
134,Denim,Shirt,99.42884250474384,527,52399,3,Mature / Declining Segment
453,Denim,Jacket,99.42884250474384,527,52399,3,Mature / Declining Segment
430,Denim,Jacket,99.42884250474384,527,52399,3,Mature / Declining Segment
138,Denim,Shirt,99.42884250474384,527,52399,3,Mature / Declining Segment
429,Denim,Jacket,99.42884250474384,527,52399,3,Mature / Declining Segment
451,Denim,Jacket,99.42884250474384,527,52399,3,Mature / Declining Segment
125,Denim,Shirt,99.42884250474384,527,52399,3,Mature / Declining Segment
436,Denim,Jacket,99.42884250474384,527,52399,3,Mature / Declining Segment
442,Denim,Jacket,99.42884250474384,527,52399,3,Mature / Declining Segment
126,Denim,Shirt,99.42884250474384,527,52399,3,Mature / Declining Segment
434,Denim,Jacket,99.42884250474384,527,52399,3,Mature / Declining Segment
444,Denim,Jacket,99.42884250474384,527,52399,3,Mature / Declining Segment
120,Denim,Shirt,99.42884250474384,527,52399,3,Mature / Declining Segment
431,Denim,Jacket,99.42884250474384,527,52399,3,Mature / Declining Segment
110,Denim,Shirt,99.42884250474384,527,52399,3,Mature / Declining Segment
137,Denim,Shirt,99.42884250474384,527,52399,3,Mature / Declining Segment
121,Denim,Shirt,99.42884250474384,527,52399,3,Mature / Declining Segment
420,Denim,Jacket,99.42884250474384,527,52399,3,Mature / Declining Segment
106,Denim,Shirt,99.42884250474384,527,52399,3,Mature / Declining Segment
428,Denim,Jacket,99.42884250474384,527,52399,3,Mature / Declining Segment
131,Denim,Shirt,99.42884250474384,527,52399,3,Mature / Declining Segment
423,Denim,Jacket,99.42884250474384,527,52399,3,Mature / Declining Segment
438,Denim,Jacket,99.42884250474384,527,52399,3,Mature / Declining Segment
130,Denim,Shirt,99.42884250474384,527,52399,3,Mature / Declining Segment
118,Denim,Shirt,99.42884250474384,527,52399,3,Mature / Declining Segment
117,Denim,Shirt,99.42884250474384,527,52399,3,Mature / Declining Segment
437,Denim,Jacket,99.42884250474384,527,52399,3,Mature / Declining Segment
122,Denim,Shirt,99.42884250474384,527,52399,3,Mature / Declining Segment
425,Denim,Jacket,99.42884250474384,527,52399,3,Mature / Declining Segment
439,Denim,Jacket,99.42884250474384,527,52399,3,Mature / Declining Segment
124,Denim,Shirt,99.42884250474384,527,52399,3,Mature / Declining Segment
449,Denim,Jacket,99.42884250474384,527,52399,3,Mature / Declining Segment
129,Denim,Shirt,99.42884250474384,527,52399,3,Mature / Declining Segment
135,Denim,Shirt,99.42884250474384,527,52399,3,Mature / Declining Segment
123,Denim,Shirt,99.42884250474384,527,52399,3,Mature / Declining Segment
447,Denim,Jacket,99.42884250474384,527,52399,3,Mature / Declining Segment
445,Denim,Jacket,99.42884250474384,527,52399,3,Mature / Declining Segment
450,Denim,Jacket,99.42884250474384,527,52399,3,Mature / Declining Segment
136,Denim,Shirt,99.42884250474384,527,52399,3,Mature / Declining Segment
427,Denim,Jacket,99.42884250474384,527,52399,3,Mature / Declining Segment
422,Denim,Jacket,99.42884250474384,527,52399,3,Mature / Declining Segment
443,Denim,Jacket,99.42884250474384,527,52399,3,Mature / Declining Segment
105,Denim,Shirt,99.42884250474384,527,52399,3,Mature / Declining Segment
421,Denim,Jacket,99.42884250474384,527,52399,3,Mature / Declining Segment
112,Denim,Shirt,99.42884250474384,527,52399,3,Mature / Declining Segment
111,Denim,Shirt,99.42884250474384,527,52399,3,Mature / Declining Segment
440,Denim,Jacket,99.42884250474384,527,52399,3,Mature / Declining Segment
441,Denim,Jacket,99.42884250474384,527,52399,3,Mature / Declining Segment
109,Denim,Shirt,99.42884250474384,527,52399,3,Mature / Declining Segment
454,Denim,Jacket,99.42884250474384,527,52399,3,Mature / Declining Segment
128,Denim,Shirt,99.42884250474384,527,52399,3,Mature / Declining Segment
119,Denim,Shirt,99.42884250474384,527,52399,3,Mature / Declining Segment
113,Denim,Shirt,99.42884250474384,527,52399,3,Mature / Declining Segment
433,Denim,Jacket,99.42884250474384,527,52399,3,Mature / Declining Segment
115,Denim,Shirt,99.42884250474384,527,52399,3,Mature / Declining Segment
133,Denim,Shirt,99.42884250474384,527,52399,3,Mature / Declining Segment
127,Denim,Shirt,99.42884250474384,527,52399,3,Mature / Declining Segment
448,Denim,Jacket,99.42884250474384,527,52399,3,Mature / Declining Segment
107,Denim,Shirt,99.42884250474384,527,52399,3,Mature / Declining Segment
424,Denim,Jacket,99.42884250474384,527,52399,3,Mature / Declining Segment
116,Denim,Shirt,99.42884250474384,527,52399,3,Mature / Declining Segment
139,Denim,Shirt,99.42884250474384,527,52399,3,Mature / Declining Segment
407,Casual Slim Fit,Shirt,119.0,306,36414,1,Value / Entry-Level Products
411,Casual Slim Fit,Shirt,119.0,306,36414,1,Value / Entry-Level Products
395,Casual Slim Fit,Shirt,119.0,306,36414,1,Value / Entry-Level Products
390,Casual Slim Fit,Shirt,119.0,306,36414,1,Value / Entry-Level Products
415,Casual Slim Fit,Shirt,119.0,306,36414,1,Value / Entry-Level Products
392,Casual Slim Fit,Shirt,119.0,306,36414,1,Value / Entry-Level Products
385,Casual Slim Fit,Shirt,119.0,306,36414,1,Value / Entry-Level Products
388,Casual Slim Fit,Shirt,119.0,306,36414,1,Value / Entry-Level Products
394,Casual Slim Fit,Shirt,119.0,306,36414,1,Value / Entry-Level Products
401,Casual Slim Fit,Shirt,119.0,306,36414,1,Value / Entry-Level Products
405,Casual Slim Fit,Shirt,119.0,306,36414,1,Value / Entry-Level Products
387,Casual Slim Fit,Shirt,119.0,306,36414,1,Value / Entry-Level Products
410,Casual Slim Fit,Shirt,119.0,306,36414,1,Value / Entry-Level Products
413,Casual Slim Fit,Shirt,119.0,306,36414,1,Value / Entry-Level Products
408,Casual Slim Fit,Shirt,119.0,306,36414,2,Top Sellers / Volume Drivers
406,Casual Slim Fit,Shirt,119.0,306,36414,1,Value / Entry-Level Products
396,Casual Slim Fit,Shirt,119.0,306,36414,1,Value / Entry-Level Products
403,Casual Slim Fit,Shirt,119.0,306,36414,1,Value / Entry-Level Products
412,Casual Slim Fit,Shirt,119.0,306,36414,1,Value / Entry-Level Products
416,Casual Slim Fit,Shirt,119.0,306,36414,1,Value / Entry-Level Products
400,Casual Slim Fit,Shirt,119.0,306,36414,1,Value / Entry-Level Products
389,Casual Slim Fit,Shirt,119.0,306,36414,1,Value / Entry-Level Products
397,Casual Slim Fit,Shirt,119.0,306,36414,1,Value / Entry-Level Products
399,Casual Slim Fit,Shirt,119.0,306,36414,1,Value / Entry-Level Products
414,Casual Slim Fit,Shirt,119.0,306,36414,1,Value / Entry-Level Products
409,Casual Slim Fit,Shirt,119.0,306,36414,1,Value / Entry-Level Products
391,Casual Slim Fit,Shirt,119.0,306,36414,1,Value / Entry-Level Products
393,Casual Slim Fit,Shirt,119.0,306,36414,1,Value / Entry-Level Products
419,Casual Slim Fit,Shirt,119.0,306,36414,1,Value / Entry-Level Products
398,Casual Slim Fit,Shirt,119.0,306,36414,1,Value / Entry-Level Products
417,Casual Slim Fit,Shirt,119.0,306,36414,1,Value / Entry-Level Products
404,Casual Slim Fit,Shirt,119.0,306,36414,1,Value / Entry-Level Products
402,Casual Slim Fit,Shirt,119.0,306,36414,1,Value / Entry-Level Products
386,Casual Slim Fit,Shirt,119.0,306,36414,1,Value / Entry-Level Products
418,Casual Slim Fit,Shirt,119.0,306,36414,1,Value / Entry-Level Products
830,Shearling,Jacket,117.0,302,35334,1,Value / Entry-Level Products
835,Shearling,Jacket,117.0,302,35334,1,Value / Entry-Level Products
809,Shearling,Jacket,117.0,302,35334,1,Value / Entry-Level Products
808,Shearling,Jacket,117.0,302,35334,1,Value / Entry-Level Products
823,Shearling,Jacket,117.0,302,35334,1,Value / Entry-Level Products
817,Shearling,Jacket,117.0,302,35334,1,Value / Entry-Level Products
831,Shearling,Jacket,117.0,302,35334,1,Value / Entry-Level Products
825,Shearling,Jacket,117.0,302,35334,1,Value / Entry-Level Products
810,Shearling,Jacket,117.0,302,35334,1,Value / Entry-Level Products
819,Shearling,Jacket,117.0,302,35334,1,Value / Entry-Level Products
818,Shearling,Jacket,117.0,302,35334,1,Value / Entry-Level Products
814,Shearling,Jacket,117.0,302,35334,1,Value / Entry-Level Products
816,Shearling,Jacket,117.0,302,35334,1,Value / Entry-Level Products
826,Shearling,Jacket,117.0,302,35334,1,Value / Entry-Level Products
805,Shearling,Jacket,117.0,302,35334,1,Value / Entry-Level Products
837,Shearling,Jacket,117.0,302,35334,1,Value / Entry-Level Products
827,Shearling,Jacket,117.0,302,35334,1,Value / Entry-Level Products
812,Shearling,Jacket,117.0,302,35334,1,Value / Entry-Level Products
839,Shearling,Jacket,117.0,302,35334,1,Value / Entry-Level Products
824,Shearling,Jacket,117.0,302,35334,1,Value / Entry-Level Products
832,Shearling,Jacket,117.0,302,35334,1,Value / Entry-Level Products
806,Shearling,Jacket,117.0,302,35334,2,Top Sellers / Volume Drivers
828,Shearling,Jacket,117.0,302,35334,1,Value / Entry-Level Products
813,Shearling,Jacket,117.0,302,35334,1,Value / Entry-Level Products
836,Shearling,Jacket,117.0,302,35334,1,Value / Entry-Level Products
815,Shearling,Jacket,117.0,302,35334,1,Value / Entry-Level Products
829,Shearling,Jacket,117.0,302,35334,1,Value / Entry-Level Products
822,Shearling,Jacket,117.0,302,35334,1,Value / Entry-Level Products
833,Shearling,Jacket,117.0,302,35334,1,Value / Entry-Level Products
821,Shearling,Jacket,117.0,302,35334,1,Value / Entry-Level Products
807,Shearling,Jacket,117.0,302,35334,1,Value / Entry-Level Products
838,Shearling,Jacket,117.0,302,35334,1,Value / Entry-Level Products
811,Shearling,Jacket,117.0,302,35334,1,Value / Entry-Level Products
820,Shearling,Jacket,117.0,302,35334,1,Value / Entry-Level Products
708,Trench Coat,Jacket,119.0,299,35581,1,Value / Entry-Level Products
730,Trench Coat,Jacket,119.0,299,35581,1,Value / Entry-Level Products
704,Trench Coat,Jacket,119.0,299,35581,1,Value / Entry-Level Products
705,Trench Coat,Jacket,119.0,299,35581,1,Value / Entry-Level Products
717,Trench Coat,Jacket,119.0,299,35581,1,Value / Entry-Level Products
710,Trench Coat,Jacket,119.0,299,35581,1,Value / Entry-Level Products
728,Trench Coat,Jacket,119.0,299,35581,1,Value / Entry-Level Products
733,Trench Coat,Jacket,119.0,299,35581,1,Value / Entry-Level Products
707,Trench Coat,Jacket,119.0,299,35581,1,Value / Entry-Level Products
712,Trench Coat,Jacket,119.0,299,35581,1,Value / Entry-Level Products
724,Trench Coat,Jacket,119.0,299,35581,1,Value / Entry-Level Products
700,Trench Coat,Jacket,119.0,299,35581,1,Value / Entry-Level Products
701,Trench Coat,Jacket,119.0,299,35581,1,Value / Entry-Level Products
731,Trench Coat,Jacket,119.0,299,35581,1,Value / Entry-Level Products
719,Trench Coat,Jacket,119.0,299,35581,1,Value / Entry-Level Products
722,Trench Coat,Jacket,119.0,299,35581,1,Value / Entry-Level Products
706,Trench Coat,Jacket,119.0,299,35581,1,Value / Entry-Level Products
709,Trench Coat,Jacket,119.0,299,35581,1,Value / Entry-Level Products
727,Trench Coat,Jacket,119.0,299,35581,1,Value / Entry-Level Products
711,Trench Coat,Jacket,119.0,299,35581,1,Value / Entry-Level Products
729,Trench Coat,Jacket,119.0,299,35581,1,Value / Entry-Level Products
715,Trench Coat,Jacket,119.0,299,35581,1,Value / Entry-Level Products
713,Trench Coat,Jacket,119.0,299,35581,1,Value / Entry-Level Products
716,Trench Coat,Jacket,119.0,299,35581,1,Value / Entry-Level Products
703,Trench Coat,Jacket,119.0,299,35581,1,Value / Entry-Level Products
734,Trench Coat,Jacket,119.0,299,35581,1,Value / Entry-Level Products
721,Trench Coat,Jacket,119.0,299,35581,1,Value / Entry-Level Products
723,Trench Coat,Jacket,119.0,299,35581,1,Value / Entry-Level Products
725,Trench Coat,Jacket,119.0,299,35581,1,Value / Entry-Level Products
718,Trench Coat,Jacket,119.0,299,35581,1,Value / Entry-Level Products
720,Trench Coat,Jacket,119.0,299,35581,1,Value / Entry-Level Products
732,Trench Coat,Jacket,119.0,299,35581,1,Value / Entry-Level Products
702,Trench Coat,Jacket,119.0,299,35581,1,Value / Entry-Level Products
481,Puffer,Jacket,118.0,298,35164,1,Value / Entry-Level Products
475,Puffer,Jacket,118.0,298,35164,1,Value / Entry-Level Products
473,Puffer,Jacket,118.0,298,35164,1,Value / Entry-Level Products
486,Puffer,Jacket,118.0,298,35164,1,Value / Entry-Level Products
463,Puffer,Jacket,118.0,298,35164,1,Value / Entry-Level Products
462,Puffer,Jacket,118.0,298,35164,1,Value / Entry-Level Products
484,Puffer,Jacket,118.0,298,35164,1,Value / Entry-Level Products
479,Puffer,Jacket,118.0,298,35164,1,Value / Entry-Level Products
476,Puffer,Jacket,118.0,298,35164,1,Value / Entry-Level Products
457,Puffer,Jacket,118.0,298,35164,1,Value / Entry-Level Products
469,Puffer,Jacket,118.0,298,35164,1,Value / Entry-Level Products
465,Puffer,Jacket,118.0,298,35164,1,Value / Entry-Level Products
467,Puffer,Jacket,118.0,298,35164,1,Value / Entry-Level Products
458,Puffer,Jacket,118.0,298,35164,1,Value / Entry-Level Products
485,Puffer,Jacket,118.0,298,35164,1,Value / Entry-Level Products
471,Puffer,Jacket,118.0,298,35164,1,Value / Entry-Level Products
470,Puffer,Jacket,118.0,298,35164,1,Value / Entry-Level Products
474,Puffer,Jacket,118.0,298,35164,1,Value / Entry-Level Products
477,Puffer,Jacket,118.0,298,35164,1,Value / Entry-Level Products
461,Puffer,Jacket,118.0,298,35164,1,Value / Entry-Level Products
472,Puffer,Jacket,118.0,298,35164,1,Value / Entry-Level Products
483,Puffer,Jacket,118.0,298,35164,1,Value / Entry-Level Products
468,Puffer,Jacket,118.0,298,35164,1,Value / Entry-Level Products
478,Puffer,Jacket,118.0,298,35164,1,Value / Entry-Level Products
459,Puffer,Jacket,118.0,298,35164,1,Value / Entry-Level Products
466,Puffer,Jacket,118.0,298,35164,1,Value / Entry-Level Products
460,Puffer,Jacket,118.0,298,35164,1,Value / Entry-Level Products
489,Puffer,Jacket,118.0,298,35164,2,Top Sellers / Volume Drivers
464,Puffer,Jacket,118.0,298,35164,1,Value / Entry-Level Products
487,Puffer,Jacket,118.0,298,35164,1,Value / Entry-Level Products
456,Puffer,Jacket,118.0,298,35164,1,Value / Entry-Level Products
488,Puffer,Jacket,118.0,298,35164,1,Value / Entry-Level Products
455,Puffer,Jacket,118.0,298,35164,1,Value / Entry-Level Products
482,Puffer,Jacket,118.0,298,35164,1,Value / Entry-Level Products
1061,Joggers,Trousers,93.0,334,31062,0,Premium / High-Value Segment
1066,Joggers,Trousers,93.0,334,31062,0,Premium / High-Value Segment
1053,Joggers,Trousers,93.0,334,31062,0,Premium / High-Value Segment
1071,Joggers,Trousers,93.0,334,31062,0,Premium / High-Value Segment
1076,Joggers,Trousers,93.0,334,31062,0,Premium / High-Value Segment
1051,Joggers,Trousers,93.0,334,31062,0,Premium / High-Value Segment
1078,Joggers,Trousers,93.0,334,31062,0,Premium / High-Value Segment
1073,Joggers,Trousers,93.0,334,31062,0,Premium / High-Value Segment
1054,Joggers,Trousers,93.0,334,31062,0,Premium / High-Value Segment
1059,Joggers,Trousers,93.0,334,31062,0,Premium / High-Value Segment
1083,Joggers,Trousers,93.0,334,31062,0,Premium / High-Value Segment
1067,Joggers,Trousers,93.0,334,31062,0,Premium / High-Value Segment
1074,Joggers,Trousers,93.0,334,31062,0,Premium / High-Value Segment
1069,Joggers,Trousers,93.0,334,31062,0,Premium / High-Value Segment
1072,Joggers,Trousers,93.0,334,31062,0,Premium / High-Value Segment
1056,Joggers,Trousers,93.0,334,31062,0,Premium / High-Value Segment
1065,Joggers,Trousers,93.0,334,31062,0,Premium / High-Value Segment
1058,Joggers,Trousers,93.0,334,31062,2,Top Sellers / Volume Drivers
1052,Joggers,Trousers,93.0,334,31062,0,Premium / High-Value Segment
1060,Joggers,Trousers,93.0,334,31062,0,Premium / High-Value Segment
1062,Joggers,Trousers,93.0,334,31062,0,Premium / High-Value Segment
1057,Joggers,Trousers,93.0,334,31062,0,Premium / High-Value Segment
1077,Joggers,Trousers,93.0,334,31062,0,Premium / High-Value Segment
1084,Joggers,Trousers,93.0,334,31062,0,Premium / High-Value Segment
1050,Joggers,Trousers,93.0,334,31062,0,Premium / High-Value Segment
1055,Joggers,Trousers,93.0,334,31062,0,Premium / High-Value Segment
1081,Joggers,Trousers,93.0,334,31062,0,Premium / High-Value Segment
1070,Joggers,Trousers,93.0,334,31062,0,Premium / High-Value Segment
1063,Joggers,Trousers,93.0,334,31062,0,Premium / High-Value Segment
1079,Joggers,Trousers,93.0,334,31062,0,Premium / High-Value Segment
1064,Joggers,Trousers,93.0,334,31062,0,Premium / High-Value Segment
1080,Joggers,Trousers,93.0,334,31062,2,Top Sellers / Volume Drivers
1082,Joggers,Trousers,93.0,334,31062,0,Premium / High-Value Segment
1068,Joggers,Trousers,93.0,334,31062,2,Top Sellers / Volume Drivers
1196,Pleated,Trousers,105.0,308,32340,0,Premium / High-Value Segment
1209,Pleated,Trousers,105.0,308,32340,1,Value / Entry-Level Products
1202,Pleated,Trousers,105.0,308,32340,1,Value / Entry-Level Products
1195,Pleated,Trousers,105.0,308,32340,1,Value / Entry-Level Products
1212,Pleated,Trousers,105.0,308,32340,0,Premium / High-Value Segment
1192,Pleated,Trousers,105.0,308,32340,1,Value / Entry-Level Products
1210,Pleated,Trousers,105.0,308,32340,2,Top Sellers / Volume Drivers
1221,Pleated,Trousers,105.0,308,32340,0,Premium / High-Value Segment
1223,Pleated,Trousers,105.0,308,32340,0,Premium / High-Value Segment
1216,Pleated,Trousers,105.0,308,32340,0,Premium / High-Value Segment
1193,Pleated,Trousers,105.0,308,32340,1,Value / Entry-Level Products
1214,Pleated,Trousers,105.0,308,32340,1,Value / Entry-Level Products
1200,Pleated,Trousers,105.0,308,32340,0,Premium / High-Value Segment
1222,Pleated,Trousers,105.0,308,32340,1,Value / Entry-Level Products
1199,Pleated,Trousers,105.0,308,32340,0,Premium / High-Value Segment
1194,Pleated,Trousers,105.0,308,32340,2,Top Sellers / Volume Drivers
1213,Pleated,Trousers,105.0,308,32340,1,Value / Entry-Level Products
1224,Pleated,Trousers,105.0,308,32340,1,Value / Entry-Level Products
1207,Pleated,Trousers,105.0,308,32340,1,Value / Entry-Level Products
1208,Pleated,Trousers,105.0,308,32340,2,Top Sellers / Volume Drivers
1220,Pleated,Trousers,105.0,308,32340,2,Top Sellers / Volume Drivers
1219,Pleated,Trousers,105.0,308,32340,1,Value / Entry-Level Products
1191,Pleated,Trousers,105.0,308,32340,0,Premium / High-Value Segment
1211,Pleated,Trousers,105.0,308,32340,1,Value / Entry-Level Products
1217,Pleated,Trousers,105.0,308,32340,1,Value / Entry-Level Products
1190,Pleated,Trousers,105.0,308,32340,1,Value / Entry-Level Products
1203,Pleated,Trousers,105.0,308,32340,0,Premium / High-Value Segment
1206,Pleated,Trousers,105.0,308,32340,0,Premium / High-Value Segment
1218,Pleated,Trousers,105.0,308,32340,2,Top Sellers / Volume Drivers
1201,Pleated,Trousers,105.0,308,32340,1,Value / Entry-Level Products
1204,Pleated,Trousers,105.0,308,32340,1,Value / Entry-Level Products
1197,Pleated,Trousers,105.0,308,32340,0,Premium / High-Value Segment
1205,Pleated,Trousers,105.0,308,32340,1,Value / Entry-Level Products
1215,Pleated,Trousers,105.0,308,32340,0,Premium / High-Value Segment
1198,Pleated,Trousers,105.0,308,32340,0,Premium / High-Value Segment
95,Flannel,Shirt,118.0,281,33158,1,Value / Entry-Level Products
91,Flannel,Shirt,118.0,281,33158,1,Value / Entry-Level Products
71,Flannel,Shirt,118.0,281,33158,1,Value / Entry-Level Products
85,Flannel,Shirt,118.0,281,33158,1,Value / Entry-Level Products
78,Flannel,Shirt,118.0,281,33158,1,Value / Entry-Level Products
92,Flannel,Shirt,118.0,281,33158,1,Value / Entry-Level Products
103,Flannel,Shirt,118.0,281,33158,1,Value / Entry-Level Products
70,Flannel,Shirt,118.0,281,33158,1,Value / Entry-Level Products
81,Flannel,Shirt,118.0,281,33158,1,Value / Entry-Level Products
88,Flannel,Shirt,118.0,281,33158,1,Value / Entry-Level Products
98,Flannel,Shirt,118.0,281,33158,1,Value / Entry-Level Products
86,Flannel,Shirt,118.0,281,33158,1,Value / Entry-Level Products
90,Flannel,Shirt,118.0,281,33158,1,Value / Entry-Level Products
99,Flannel,Shirt,118.0,281,33158,1,Value / Entry-Level Products
75,Flannel,Shirt,118.0,281,33158,2,Top Sellers / Volume Drivers
94,Flannel,Shirt,118.0,281,33158,1,Value / Entry-Level Products
93,Flannel,Shirt,118.0,281,33158,1,Value / Entry-Level Products
100,Flannel,Shirt,118.0,281,33158,1,Value / Entry-Level Products
74,Flannel,Shirt,118.0,281,33158,1,Value / Entry-Level Products
104,Flannel,Shirt,118.0,281,33158,1,Value / Entry-Level Products
97,Flannel,Shirt,118.0,281,33158,1,Value / Entry-Level Products
101,Flannel,Shirt,118.0,281,33158,1,Value / Entry-Level Products
73,Flannel,Shirt,118.0,281,33158,1,Value / Entry-Level Products
84,Flannel,Shirt,118.0,281,33158,1,Value / Entry-Level Products
102,Flannel,Shirt,118.0,281,33158,1,Value / Entry-Level Products
87,Flannel,Shirt,118.0,281,33158,1,Value / Entry-Level Products
72,Flannel,Shirt,118.0,281,33158,1,Value / Entry-Level Products
79,Flannel,Shirt,118.0,281,33158,1,Value / Entry-Level Products
82,Flannel,Shirt,118.0,281,33158,2,Top Sellers / Volume Drivers
80,Flannel,Shirt,118.0,281,33158,1,Value / Entry-Level Products
77,Flannel,Shirt,118.0,281,33158,1,Value / Entry-Level Products
89,Flannel,Shirt,118.0,281,33158,1,Value / Entry-Level Products
96,Flannel,Shirt,118.0,281,33158,1,Value / Entry-Level Products
83,Flannel,Shirt,118.0,281,33158,1,Value / Entry-Level Products
1091,Cropped,Trousers,115.0,284,32660,1,Value / Entry-Level Products
1110,Cropped,Trousers,115.0,284,32660,1,Value / Entry-Level Products
1114,Cropped,Trousers,115.0,284,32660,1,Value / Entry-Level Products
1096,Cropped,Trousers,115.0,284,32660,1,Value / Entry-Level Products
1089,Cropped,Trousers,115.0,284,32660,1,Value / Entry-Level Products
1098,Cropped,Trousers,115.0,284,32660,1,Value / Entry-Level Products
1101,Cropped,Trousers,115.0,284,32660,1,Value / Entry-Level Products
1100,Cropped,Trousers,115.0,284,32660,1,Value / Entry-Level Products
1086,Cropped,Trousers,115.0,284,32660,1,Value / Entry-Level Products
1103,Cropped,Trousers,115.0,284,32660,1,Value / Entry-Level Products
1113,Cropped,Trousers,115.0,284,32660,1,Value / Entry-Level Products
1119,Cropped,Trousers,115.0,284,32660,1,Value / Entry-Level Products
1105,Cropped,Trousers,115.0,284,32660,1,Value / Entry-Level Products
1108,Cropped,Trousers,115.0,284,32660,1,Value / Entry-Level Products
1102,Cropped,Trousers,115.0,284,32660,0,Premium / High-Value Segment
1112,Cropped,Trousers,115.0,284,32660,1,Value / Entry-Level Products
1095,Cropped,Trousers,115.0,284,32660,1,Value / Entry-Level Products
1109,Cropped,Trousers,115.0,284,32660,1,Value / Entry-Level Products
1085,Cropped,Trousers,115.0,284,32660,1,Value / Entry-Level Products
1104,Cropped,Trousers,115.0,284,32660,1,Value / Entry-Level Products
1087,Cropped,Trousers,115.0,284,32660,1,Value / Entry-Level Products
1111,Cropped,Trousers,115.0,284,32660,0,Premium / High-Value Segment
1117,Cropped,Trousers,115.0,284,32660,1,Value / Entry-Level Products
1106,Cropped,Trousers,115.0,284,32660,1,Value / Entry-Level Products
1094,Cropped,Trousers,115.0,284,32660,1,Value / Entry-Level Products
1092,Cropped,Trousers,115.0,284,32660,1,Value / Entry-Level Products
1097,Cropped,Trousers,115.0,284,32660,1,Value / Entry-Level Products
1116,Cropped,Trousers,115.0,284,32660,1,Value / Entry-Level Products
1090,Cropped,Trousers,115.0,284,32660,1,Value / Entry-Level Products
1118,Cropped,Trousers,115.0,284,32660,2,Top Sellers / Volume Drivers
1107,Cropped,Trousers,115.0,284,32660,1,Value / Entry-Level Products
1093,Cropped,Trousers,115.0,284,32660,1,Value / Entry-Level Products
1115,Cropped,Trousers,115.0,284,32660,2,Top Sellers / Volume Drivers
1099,Cropped,Trousers,115.0,284,32660,0,Premium / High-Value Segment
1088,Cropped,Trousers,115.0,284,32660,2,Top Sellers / Volume Drivers
218,Chambray,Shirt,106.0,290,30740,1,Value / Entry-Level Products
242,Chambray,Shirt,106.0,290,30740,1,Value / Entry-Level Products
217,Chambray,Shirt,106.0,290,30740,2,Top Sellers / Volume Drivers
227,Chambray,Shirt,106.0,290,30740,1,Value / Entry-Level Products
238,Chambray,Shirt,106.0,290,30740,0,Premium / High-Value Segment
226,Chambray,Shirt,106.0,290,30740,1,Value / Entry-Level Products
210,Chambray,Shirt,106.0,290,30740,1,Value / Entry-Level Products
230,Chambray,Shirt,106.0,290,30740,1,Value / Entry-Level Products
214,Chambray,Shirt,106.0,290,30740,0,Premium / High-Value Segment
239,Chambray,Shirt,106.0,290,30740,1,Value / Entry-Level Products
224,Chambray,Shirt,106.0,290,30740,1,Value / Entry-Level Products
234,Chambray,Shirt,106.0,290,30740,0,Premium / High-Value Segment
212,Chambray,Shirt,106.0,290,30740,1,Value / Entry-Level Products
240,Chambray,Shirt,106.0,290,30740,1,Value / Entry-Level Products
215,Chambray,Shirt,106.0,290,30740,0,Premium / High-Value Segment
236,Chambray,Shirt,106.0,290,30740,1,Value / Entry-Level Products
213,Chambray,Shirt,106.0,290,30740,0,Premium / High-Value Segment
220,Chambray,Shirt,106.0,290,30740,0,Premium / High-Value Segment
219,Chambray,Shirt,106.0,290,30740,0,Premium / High-Value Segment
231,Chambray,Shirt,106.0,290,30740,1,Value / Entry-Level Products
243,Chambray,Shirt,106.0,290,30740,1,Value / Entry-Level Products
244,Chambray,Shirt,106.0,290,30740,0,Premium / High-Value Segment
241,Chambray,Shirt,106.0,290,30740,1,Value / Entry-Level Products
229,Chambray,Shirt,106.0,290,30740,1,Value / Entry-Level Products
232,Chambray,Shirt,106.0,290,30740,0,Premium / High-Value Segment
222,Chambray,Shirt,106.0,290,30740,1,Value / Entry-Level Products
233,Chambray,Shirt,106.0,290,30740,1,Value / Entry-Level Products
235,Chambray,Shirt,106.0,290,30740,1,Value / Entry-Level Products
221,Chambray,Shirt,106.0,290,30740,1,Value / Entry-Level Products
216,Chambray,Shirt,106.0,290,30740,1,Value / Entry-Level Products
211,Chambray,Shirt,106.0,290,30740,2,Top Sellers / Volume Drivers
237,Chambray,Shirt,106.0,290,30740,0,Premium / High-Value Segment
225,Chambray,Shirt,106.0,290,30740,2,Top Sellers / Volume Drivers
223,Chambray,Shirt,106.0,290,30740,0,Premium / High-Value Segment
578,Bomber,Jacket,100.0,297,29700,2,Top Sellers / Volume Drivers
571,Bomber,Jacket,100.0,297,29700,0,Premium / High-Value Segment
593,Bomber,Jacket,100.0,297,29700,0,Premium / High-Value Segment
579,Bomber,Jacket,100.0,297,29700,2,Top Sellers / Volume Drivers
586,Bomber,Jacket,100.0,297,29700,0,Premium / High-Value Segment
590,Bomber,Jacket,100.0,297,29700,0,Premium / High-Value Segment
577,Bomber,Jacket,100.0,297,29700,0,Premium / High-Value Segment
588,Bomber,Jacket,100.0,297,29700,0,Premium / High-Value Segment
572,Bomber,Jacket,100.0,297,29700,0,Premium / High-Value Segment
562,Bomber,Jacket,100.0,297,29700,0,Premium / High-Value Segment
560,Bomber,Jacket,100.0,297,29700,0,Premium / High-Value Segment
568,Bomber,Jacket,100.0,297,29700,0,Premium / High-Value Segment
563,Bomber,Jacket,100.0,297,29700,2,Top Sellers / Volume Drivers
570,Bomber,Jacket,100.0,297,29700,0,Premium / High-Value Segment
582,Bomber,Jacket,100.0,297,29700,2,Top Sellers / Volume Drivers
575,Bomber,Jacket,100.0,297,29700,0,Premium / High-Value Segment
585,Bomber,Jacket,100.0,297,29700,0,Premium / High-Value Segment
574,Bomber,Jacket,100.0,297,29700,2,Top Sellers / Volume Drivers
573,Bomber,Jacket,100.0,297,29700,2,Top Sellers / Volume Drivers
583,Bomber,Jacket,100.0,297,29700,1,Value / Entry-Level Products
566,Bomber,Jacket,100.0,297,29700,2,Top Sellers / Volume Drivers
567,Bomber,Jacket,100.0,297,29700,1,Value / Entry-Level Products
581,Bomber,Jacket,100.0,297,29700,0,Premium / High-Value Segment
589,Bomber,Jacket,100.0,297,29700,0,Premium / High-Value Segment
569,Bomber,Jacket,100.0,297,29700,0,Premium / High-Value Segment
591,Bomber,Jacket,100.0,297,29700,2,Top Sellers / Volume Drivers
594,Bomber,Jacket,100.0,297,29700,0,Premium / High-Value Segment
584,Bomber,Jacket,100.0,297,29700,0,Premium / High-Value Segment
587,Bomber,Jacket,100.0,297,29700,0,Premium / High-Value Segment
565,Bomber,Jacket,100.0,297,29700,2,Top Sellers / Volume Drivers
564,Bomber,Jacket,100.0,297,29700,2,Top Sellers / Volume Drivers
561,Bomber,Jacket,100.0,297,29700,0,Premium / High-Value Segment
576,Bomber,Jacket,100.0,297,29700,2,Top Sellers / Volume Drivers
580,Bomber,Jacket,100.0,297,29700,0,Premium / High-Value Segment
592,Bomber,Jacket,100.0,297,29700,0,Premium / High-Value Segment
514,Windbreaker,Jacket,102.0,287,29274,0,Premium / High-Value Segment
511,Windbreaker,Jacket,102.0,287,29274,1,Value / Entry-Level Products
503,Windbreaker,Jacket,102.0,287,29274,0,Premium / High-Value Segment
498,Windbreaker,Jacket,102.0,287,29274,0,Premium / High-Value Segment
491,Windbreaker,Jacket,102.0,287,29274,0,Premium / High-Value Segment
512,Windbreaker,Jacket,102.0,287,29274,0,Premium / High-Value Segment
507,Windbreaker,Jacket,102.0,287,29274,2,Top Sellers / Volume Drivers
499,Windbreaker,Jacket,102.0,287,29274,0,Premium / High-Value Segment
520,Windbreaker,Jacket,102.0,287,29274,1,Value / Entry-Level Products
497,Windbreaker,Jacket,102.0,287,29274,0,Premium / High-Value Segment
505,Windbreaker,Jacket,102.0,287,29274,0,Premium / High-Value Segment
522,Windbreaker,Jacket,102.0,287,29274,0,Premium / High-Value Segment
517,Windbreaker,Jacket,102.0,287,29274,0,Premium / High-Value Segment
523,Windbreaker,Jacket,102.0,287,29274,0,Premium / High-Value Segment
516,Windbreaker,Jacket,102.0,287,29274,0,Premium / High-Value Segment
518,Windbreaker,Jacket,102.0,287,29274,1,Value / Entry-Level Products
521,Windbreaker,Jacket,102.0,287,29274,0,Premium / High-Value Segment
490,Windbreaker,Jacket,102.0,287,29274,0,Premium / High-Value Segment
493,Windbreaker,Jacket,102.0,287,29274,1,Value / Entry-Level Products
506,Windbreaker,Jacket,102.0,287,29274,0,Premium / High-Value Segment
513,Windbreaker,Jacket,102.0,287,29274,2,Top Sellers / Volume Drivers
495,Windbreaker,Jacket,102.0,287,29274,0,Premium / High-Value Segment
502,Windbreaker,Jacket,102.0,287,29274,0,Premium / High-Value Segment
501,Windbreaker,Jacket,102.0,287,29274,1,Value / Entry-Level Products
519,Windbreaker,Jacket,102.0,287,29274,2,Top Sellers / Volume Drivers
524,Windbreaker,Jacket,102.0,287,29274,0,Premium / High-Value Segment
492,Windbreaker,Jacket,102.0,287,29274,2,Top Sellers / Volume Drivers
504,Windbreaker,Jacket,102.0,287,29274,2,Top Sellers / Volume Drivers
508,Windbreaker,Jacket,102.0,287,29274,0,Premium / High-Value Segment
515,Windbreaker,Jacket,102.0,287,29274,2,Top Sellers / Volume Drivers
494,Windbreaker,Jacket,102.0,287,29274,0,Premium / High-Value Segment
509,Windbreaker,Jacket,102.0,287,29274,0,Premium / High-Value Segment
496,Windbreaker,Jacket,102.0,287,29274,0,Premium / High-Value Segment
500,Windbreaker,Jacket,102.0,287,29274,0,Premium / High-Value Segment
510,Windbreaker,Jacket,102.0,287,29274,0,Premium / High-Value Segment
691,Parka,Jacket,113.0,269,30397,1,Value / Entry-Level Products
686,Parka,Jacket,113.0,269,30397,0,Premium / High-Value Segment
695,Parka,Jacket,113.0,269,30397,1,Value / Entry-Level Products
699,Parka,Jacket,113.0,269,30397,1,Value / Entry-Level Products
682,Parka,Jacket,113.0,269,30397,1,Value / Entry-Level Products
681,Parka,Jacket,113.0,269,30397,1,Value / Entry-Level Products
684,Parka,Jacket,113.0,269,30397,1,Value / Entry-Level Products
671,Parka,Jacket,113.0,269,30397,1,Value / Entry-Level Products
675,Parka,Jacket,113.0,269,30397,2,Top Sellers / Volume Drivers
688,Parka,Jacket,113.0,269,30397,1,Value / Entry-Level Products
666,Parka,Jacket,113.0,269,30397,1,Value / Entry-Level Products
683,Parka,Jacket,113.0,269,30397,1,Value / Entry-Level Products
668,Parka,Jacket,113.0,269,30397,2,Top Sellers / Volume Drivers
680,Parka,Jacket,113.0,269,30397,2,Top Sellers / Volume Drivers
672,Parka,Jacket,113.0,269,30397,1,Value / Entry-Level Products
676,Parka,Jacket,113.0,269,30397,0,Premium / High-Value Segment
685,Parka,Jacket,113.0,269,30397,1,Value / Entry-Level Products
687,Parka,Jacket,113.0,269,30397,1,Value / Entry-Level Products
678,Parka,Jacket,113.0,269,30397,1,Value / Entry-Level Products
674,Parka,Jacket,113.0,269,30397,1,Value / Entry-Level Products
698,Parka,Jacket,113.0,269,30397,2,Top Sellers / Volume Drivers
679,Parka,Jacket,113.0,269,30397,1,Value / Entry-Level Products
673,Parka,Jacket,113.0,269,30397,1,Value / Entry-Level Products
697,Parka,Jacket,113.0,269,30397,1,Value / Entry-Level Products
667,Parka,Jacket,113.0,269,30397,1,Value / Entry-Level Products
689,Parka,Jacket,113.0,269,30397,1,Value / Entry-Level Products
669,Parka,Jacket,113.0,269,30397,1,Value / Entry-Level Products
690,Parka,Jacket,113.0,269,30397,1,Value / Entry-Level Products
692,Parka,Jacket,113.0,269,30397,1,Value / Entry-Level Products
694,Parka,Jacket,113.0,269,30397,2,Top Sellers / Volume Drivers
677,Parka,Jacket,113.0,269,30397,1,Value / Entry-Level Products
696,Parka,Jacket,113.0,269,30397,2,Top Sellers / Volume Drivers
670,Parka,Jacket,113.0,269,30397,1,Value / Entry-Level Products
693,Parka,Jacket,113.0,269,30397,1,Value / Entry-Level Products
665,Parka,Jacket,113.0,269,30397,1,Value / Entry-Level Products
1033,Relaxed Leg,Trousers,90.0,301,27090,0,Premium / High-Value Segment
1040,Relaxed Leg,Trousers,90.0,301,27090,0,Premium / High-Value Segment
1027,Relaxed Leg,Trousers,90.0,301,27090,0,Premium / High-Value Segment
1043,Relaxed Leg,Trousers,90.0,301,27090,0,Premium / High-Value Segment
1015,Relaxed Leg,Trousers,90.0,301,27090,0,Premium / High-Value Segment
1030,Relaxed Leg,Trousers,90.0,301,27090,0,Premium / High-Value Segment
1037,Relaxed Leg,Trousers,90.0,301,27090,0,Premium / High-Value Segment
1044,Relaxed Leg,Trousers,90.0,301,27090,0,Premium / High-Value Segment
1045,Relaxed Leg,Trousers,90.0,301,27090,2,Top Sellers / Volume Drivers
1038,Relaxed Leg,Trousers,90.0,301,27090,0,Premium / High-Value Segment
1029,Relaxed Leg,Trousers,90.0,301,27090,0,Premium / High-Value Segment
1028,Relaxed Leg,Trousers,90.0,301,27090,0,Premium / High-Value Segment
1042,Relaxed Leg,Trousers,90.0,301,27090,0,Premium / High-Value Segment
1025,Relaxed Leg,Trousers,90.0,301,27090,0,Premium / High-Value Segment
1022,Relaxed Leg,Trousers,90.0,301,27090,0,Premium / High-Value Segment
1031,Relaxed Leg,Trousers,90.0,301,27090,0,Premium / High-Value Segment
1026,Relaxed Leg,Trousers,90.0,301,27090,0,Premium / High-Value Segment
1041,Relaxed Leg,Trousers,90.0,301,27090,2,Top Sellers / Volume Drivers
1035,Relaxed Leg,Trousers,90.0,301,27090,2,Top Sellers / Volume Drivers
1016,Relaxed Leg,Trousers,90.0,301,27090,0,Premium / High-Value Segment
1023,Relaxed Leg,Trousers,90.0,301,27090,0,Premium / High-Value Segment
1017,Relaxed Leg,Trousers,90.0,301,27090,0,Premium / High-Value Segment
1024,Relaxed Leg,Trousers,90.0,301,27090,0,Premium / High-Value Segment
1018,Relaxed Leg,Trousers,90.0,301,27090,0,Premium / High-Value Segment
1036,Relaxed Leg,Trousers,90.0,301,27090,0,Premium / High-Value Segment
1020,Relaxed Leg,Trousers,90.0,301,27090,0,Premium / High-Value Segment
1048,Relaxed Leg,Trousers,90.0,301,27090,0,Premium / High-Value Segment
1039,Relaxed Leg,Trousers,90.0,301,27090,0,Premium / High-Value Segment
1049,Relaxed Leg,Trousers,90.0,301,27090,0,Premium / High-Value Segment
1034,Relaxed Leg,Trousers,90.0,301,27090,0,Premium / High-Value Segment
1047,Relaxed Leg,Trousers,90.0,301,27090,0,Premium / High-Value Segment
1046,Relaxed Leg,Trousers,90.0,301,27090,0,Premium / High-Value Segment
1021,Relaxed Leg,Trousers,90.0,301,27090,0,Premium / High-Value Segment
1019,Relaxed Leg,Trousers,90.0,301,27090,0,Premium / High-Value Segment
972,Slim-Fit,Trousers,97.0,288,27936,0,Premium / High-Value Segment
970,Slim-Fit,Trousers,97.0,288,27936,0,Premium / High-Value Segment
955,Slim-Fit,Trousers,97.0,288,27936,0,Premium / High-Value Segment
978,Slim-Fit,Trousers,97.0,288,27936,0,Premium / High-Value Segment
960,Slim-Fit,Trousers,97.0,288,27936,2,Top Sellers / Volume Drivers
968,Slim-Fit,Trousers,97.0,288,27936,0,Premium / High-Value Segment
974,Slim-Fit,Trousers,97.0,288,27936,0,Premium / High-Value Segment
975,Slim-Fit,Trousers,97.0,288,27936,2,Top Sellers / Volume Drivers
947,Slim-Fit,Trousers,97.0,288,27936,0,Premium / High-Value Segment
979,Slim-Fit,Trousers,97.0,288,27936,0,Premium / High-Value Segment
965,Slim-Fit,Trousers,97.0,288,27936,0,Premium / High-Value Segment
958,Slim-Fit,Trousers,97.0,288,27936,2,Top Sellers / Volume Drivers
950,Slim-Fit,Trousers,97.0,288,27936,0,Premium / High-Value Segment
951,Slim-Fit,Trousers,97.0,288,27936,0,Premium / High-Value Segment
976,Slim-Fit,Trousers,97.0,288,27936,0,Premium / High-Value Segment
948,Slim-Fit,Trousers,97.0,288,27936,0,Premium / High-Value Segment
961,Slim-Fit,Trousers,97.0,288,27936,0,Premium / High-Value Segment
954,Slim-Fit,Trousers,97.0,288,27936,0,Premium / High-Value Segment
964,Slim-Fit,Trousers,97.0,288,27936,0,Premium / High-Value Segment
956,Slim-Fit,Trousers,97.0,288,27936,0,Premium / High-Value Segment
952,Slim-Fit,Trousers,97.0,288,27936,2,Top Sellers / Volume Drivers
977,Slim-Fit,Trousers,97.0,288,27936,2,Top Sellers / Volume Drivers
946,Slim-Fit,Trousers,97.0,288,27936,2,Top Sellers / Volume Drivers
971,Slim-Fit,Trousers,97.0,288,27936,0,Premium / High-Value Segment
949,Slim-Fit,Trousers,97.0,288,27936,0,Premium / High-Value Segment
967,Slim-Fit,Trousers,97.0,288,27936,0,Premium / High-Value Segment
953,Slim-Fit,Trousers,97.0,288,27936,2,Top Sellers / Volume Drivers
957,Slim-Fit,Trousers,97.0,288,27936,2,Top Sellers / Volume Drivers
966,Slim-Fit,Trousers,97.0,288,27936,0,Premium / High-Value Segment
973,Slim-Fit,Trousers,97.0,288,27936,0,Premium / High-Value Segment
969,Slim-Fit,Trousers,97.0,288,27936,2,Top Sellers / Volume Drivers
963,Slim-Fit,Trousers,97.0,288,27936,2,Top Sellers / Volume Drivers
962,Slim-Fit,Trousers,97.0,288,27936,0,Premium / High-Value Segment
2,Oxford Cloth,Shirt,96.0,289,27744,0,Premium / High-Value Segment
6,Oxford Cloth,Shirt,96.0,289,27744,0,Premium / High-Value Segment
12,Oxford Cloth,Shirt,96.0,289,27744,0,Premium / High-Value Segment
1,Oxford Cloth,Shirt,96.0,289,27744,0,Premium / High-Value Segment
7,Oxford Cloth,Shirt,96.0,289,27744,0,Premium / High-Value Segment
17,Oxford Cloth,Shirt,96.0,289,27744,0,Premium / High-Value Segment
28,Oxford Cloth,Shirt,96.0,289,27744,0,Premium / High-Value Segment
20,Oxford Cloth,Shirt,96.0,289,27744,0,Premium / High-Value Segment
8,Oxford Cloth,Shirt,96.0,289,27744,0,Premium / High-Value Segment
19,Oxford Cloth,Shirt,96.0,289,27744,0,Premium / High-Value Segment
22,Oxford Cloth,Shirt,96.0,289,27744,2,Top Sellers / Volume Drivers
14,Oxford Cloth,Shirt,96.0,289,27744,0,Premium / High-Value Segment
21,Oxford Cloth,Shirt,96.0,289,27744,0,Premium / High-Value Segment
26,Oxford Cloth,Shirt,96.0,289,27744,0,Premium / High-Value Segment
9,Oxford Cloth,Shirt,96.0,289,27744,2,Top Sellers / Volume Drivers
11,Oxford Cloth,Shirt,96.0,289,27744,0,Premium / High-Value Segment
32,Oxford Cloth,Shirt,96.0,289,27744,0,Premium / High-Value Segment
33,Oxford Cloth,Shirt,96.0,289,27744,0,Premium / High-Value Segment
34,Oxford Cloth,Shirt,96.0,289,27744,0,Premium / High-Value Segment
24,Oxford Cloth,Shirt,96.0,289,27744,0,Premium / High-Value Segment
31,Oxford Cloth,Shirt,96.0,289,27744,0,Premium / High-Value Segment
23,Oxford Cloth,Shirt,96.0,289,27744,0,Premium / High-Value Segment
25,Oxford Cloth,Shirt,96.0,289,27744,0,Premium / High-Value Segment
27,Oxford Cloth,Shirt,96.0,289,27744,2,Top Sellers / Volume Drivers
29,Oxford Cloth,Shirt,96.0,289,27744,0,Premium / High-Value Segment
13,Oxford Cloth,Shirt,96.0,289,27744,0,Premium / High-Value Segment
4,Oxford Cloth,Shirt,96.0,289,27744,0,Premium / High-Value Segment
15,Oxford Cloth,Shirt,96.0,289,27744,2,Top Sellers / Volume Drivers
3,Oxford Cloth,Shirt,96.0,289,27744,0,Premium / High-Value Segment
18,Oxford Cloth,Shirt,96.0,289,27744,0,Premium / High-Value Segment
5,Oxford Cloth,Shirt,96.0,289,27744,2,Top Sellers / Volume Drivers
30,Oxford Cloth,Shirt,96.0,289,27744,0,Premium / High-Value Segment
16,Oxford Cloth,Shirt,96.0,289,27744,0,Premium / High-Value Segment
10,Oxford Cloth,Shirt,96.0,289,27744,0,Premium / High-Value Segment
915,Drawstring,Trousers,96.0,288,27648,0,Premium / High-Value Segment
923,Drawstring,Trousers,96.0,288,27648,0,Premium / High-Value Segment
917,Drawstring,Trousers,96.0,288,27648,0,Premium / High-Value Segment
934,Drawstring,Trousers,96.0,288,27648,0,Premium / High-Value Segment
912,Drawstring,Trousers,96.0,288,27648,0,Premium / High-Value Segment
922,Drawstring,Trousers,96.0,288,27648,0,Premium / High-Value Segment
916,Drawstring,Trousers,96.0,288,27648,0,Premium / High-Value Segment
928,Drawstring,Trousers,96.0,288,27648,0,Premium / High-Value Segment
926,Drawstring,Trousers,96.0,288,27648,0,Premium / High-Value Segment
913,Drawstring,Trousers,96.0,288,27648,0,Premium / High-Value Segment
942,Drawstring,Trousers,96.0,288,27648,0,Premium / High-Value Segment
939,Drawstring,Trousers,96.0,288,27648,0,Premium / High-Value Segment
940,Drawstring,Trousers,96.0,288,27648,0,Premium / High-Value Segment
943,Drawstring,Trousers,96.0,288,27648,0,Premium / High-Value Segment
927,Drawstring,Trousers,96.0,288,27648,0,Premium / High-Value Segment
929,Drawstring,Trousers,96.0,288,27648,2,Top Sellers / Volume Drivers
911,Drawstring,Trousers,96.0,288,27648,2,Top Sellers / Volume Drivers
920,Drawstring,Trousers,96.0,288,27648,0,Premium / High-Value Segment
932,Drawstring,Trousers,96.0,288,27648,0,Premium / High-Value Segment
931,Drawstring,Trousers,96.0,288,27648,0,Premium / High-Value Segment
918,Drawstring,Trousers,96.0,288,27648,0,Premium / High-Value Segment
936,Drawstring,Trousers,96.0,288,27648,0,Premium / High-Value Segment
937,Drawstring,Trousers,96.0,288,27648,2,Top Sellers / Volume Drivers
930,Drawstring,Trousers,96.0,288,27648,2,Top Sellers / Volume Drivers
941,Drawstring,Trousers,96.0,288,27648,0,Premium / High-Value Segment
935,Drawstring,Trousers,96.0,288,27648,0,Premium / High-Value Segment
944,Drawstring,Trousers,96.0,288,27648,0,Premium / High-Value Segment
925,Drawstring,Trousers,96.0,288,27648,0,Premium / High-Value Segment
933,Drawstring,Trousers,96.0,288,27648,0,Premium / High-Value Segment
919,Drawstring,Trousers,96.0,288,27648,0,Premium / High-Value Segment
910,Drawstring,Trousers,96.0,288,27648,0,Premium / High-Value Segment
924,Drawstring,Trousers,96.0,288,27648,0,Premium / High-Value Segment
921,Drawstring,Trousers,96.0,288,27648,2,Top Sellers / Volume Drivers
938,Drawstring,Trousers,96.0,288,27648,2,Top Sellers / Volume Drivers
914,Drawstring,Trousers,96.0,288,27648,0,Premium / High-Value Segment
769,Peacoat,Jacket,109.0,266,28994,1,Value / Entry-Level Products
765,Peacoat,Jacket,109.0,266,28994,0,Premium / High-Value Segment
753,Peacoat,Jacket,109.0,266,28994,2,Top Sellers / Volume Drivers
736,Peacoat,Jacket,109.0,266,28994,1,Value / Entry-Level Products
761,Peacoat,Jacket,109.0,266,28994,0,Premium / High-Value Segment
762,Peacoat,Jacket,109.0,266,28994,1,Value / Entry-Level Products
737,Peacoat,Jacket,109.0,266,28994,0,Premium / High-Value Segment
744,Peacoat,Jacket,109.0,266,28994,1,Value / Entry-Level Products
757,Peacoat,Jacket,109.0,266,28994,1,Value / Entry-Level Products
746,Peacoat,Jacket,109.0,266,28994,1,Value / Entry-Level Products
742,Peacoat,Jacket,109.0,266,28994,1,Value / Entry-Level Products
756,Peacoat,Jacket,109.0,266,28994,1,Value / Entry-Level Products
740,Peacoat,Jacket,109.0,266,28994,1,Value / Entry-Level Products
755,Peacoat,Jacket,109.0,266,28994,1,Value / Entry-Level Products
760,Peacoat,Jacket,109.0,266,28994,1,Value / Entry-Level Products
743,Peacoat,Jacket,109.0,266,28994,1,Value / Entry-Level Products
751,Peacoat,Jacket,109.0,266,28994,1,Value / Entry-Level Products
758,Peacoat,Jacket,109.0,266,28994,1,Value / Entry-Level Products
759,Peacoat,Jacket,109.0,266,28994,1,Value / Entry-Level Products
750,Peacoat,Jacket,109.0,266,28994,1,Value / Entry-Level Products
749,Peacoat,Jacket,109.0,266,28994,2,Top Sellers / Volume Drivers
741,Peacoat,Jacket,109.0,266,28994,1,Value / Entry-Level Products
752,Peacoat,Jacket,109.0,266,28994,1,Value / Entry-Level Products
767,Peacoat,Jacket,109.0,266,28994,1,Value / Entry-Level Products
768,Peacoat,Jacket,109.0,266,28994,2,Top Sellers / Volume Drivers
739,Peacoat,Jacket,109.0,266,28994,2,Top Sellers / Volume Drivers
766,Peacoat,Jacket,109.0,266,28994,1,Value / Entry-Level Products
754,Peacoat,Jacket,109.0,266,28994,1,Value / Entry-Level Products
748,Peacoat,Jacket,109.0,266,28994,1,Value / Entry-Level Products
763,Peacoat,Jacket,109.0,266,28994,1,Value / Entry-Level Products
735,Peacoat,Jacket,109.0,266,28994,1,Value / Entry-Level Products
1174,High-Waisted,Trousers,99.0,278,27522,0,Premium / High-Value Segment
1184,High-Waisted,Trousers,99.0,278,27522,0,Premium / High-Value Segment
1162,High-Waisted,Trousers,99.0,278,27522,2,Top Sellers / Volume Drivers
1158,High-Waisted,Trousers,99.0,278,27522,0,Premium / High-Value Segment
1167,High-Waisted,Trousers,99.0,278,27522,2,Top Sellers / Volume Drivers
1173,High-Waisted,Trousers,99.0,278,27522,0,Premium / High-Value Segment
1163,High-Waisted,Trousers,99.0,278,27522,2,Top Sellers / Volume Drivers
1180,High-Waisted,Trousers,99.0,278,27522,0,Premium / High-Value Segment
1188,High-Waisted,Trousers,99.0,278,27522,0,Premium / High-Value Segment
1165,High-Waisted,Trousers,99.0,278,27522,2,Top Sellers / Volume Drivers
1175,High-Waisted,Trousers,99.0,278,27522,0,Premium / High-Value Segment
1168,High-Waisted,Trousers,99.0,278,27522,0,Premium / High-Value Segment
1183,High-Waisted,Trousers,99.0,278,27522,0,Premium / High-Value Segment
1182,High-Waisted,Trousers,99.0,278,27522,0,Premium / High-Value Segment
1166,High-Waisted,Trousers,99.0,278,27522,0,Premium / High-Value Segment
1155,High-Waisted,Trousers,99.0,278,27522,2,Top Sellers / Volume Drivers
1177,High-Waisted,Trousers,99.0,278,27522,0,Premium / High-Value Segment
1156,High-Waisted,Trousers,99.0,278,27522,0,Premium / High-Value Segment
1170,High-Waisted,Trousers,99.0,278,27522,0,Premium / High-Value Segment
1189,High-Waisted,Trousers,99.0,278,27522,2,Top Sellers / Volume Drivers
1171,High-Waisted,Trousers,99.0,278,27522,0,Premium / High-Value Segment
1186,High-Waisted,Trousers,99.0,278,27522,0,Premium / High-Value Segment
1157,High-Waisted,Trousers,99.0,278,27522,2,Top Sellers / Volume Drivers
1178,High-Waisted,Trousers,99.0,278,27522,0,Premium / High-Value Segment
1159,High-Waisted,Trousers,99.0,278,27522,0,Premium / High-Value Segment
1160,High-Waisted,Trousers,99.0,278,27522,0,Premium / High-Value Segment
1169,High-Waisted,Trousers,99.0,278,27522,0,Premium / High-Value Segment
1181,High-Waisted,Trousers,99.0,278,27522,0,Premium / High-Value Segment
1172,High-Waisted,Trousers,99.0,278,27522,2,Top Sellers / Volume Drivers
1176,High-Waisted,Trousers,99.0,278,27522,0,Premium / High-Value Segment
1161,High-Waisted,Trousers,99.0,278,27522,1,Value / Entry-Level Products
1179,High-Waisted,Trousers,99.0,278,27522,2,Top Sellers / Volume Drivers
1185,High-Waisted,Trousers,99.0,278,27522,0,Premium / High-Value Segment
1164,High-Waisted,Trousers,99.0,278,27522,0,Premium / High-Value Segment
850,Chinos,Trousers,113.0,260,29380,1,Value / Entry-Level Products
860,Chinos,Trousers,113.0,260,29380,1,Value / Entry-Level Products
846,Chinos,Trousers,113.0,260,29380,1,Value / Entry-Level Products
852,Chinos,Trousers,113.0,260,29380,2,Top Sellers / Volume Drivers
843,Chinos,Trousers,113.0,260,29380,1,Value / Entry-Level Products
866,Chinos,Trousers,113.0,260,29380,1,Value / Entry-Level Products
847,Chinos,Trousers,113.0,260,29380,1,Value / Entry-Level Products
842,Chinos,Trousers,113.0,260,29380,1,Value / Entry-Level Products
862,Chinos,Trousers,113.0,260,29380,2,Top Sellers / Volume Drivers
856,Chinos,Trousers,113.0,260,29380,1,Value / Entry-Level Products
872,Chinos,Trousers,113.0,260,29380,1,Value / Entry-Level Products
865,Chinos,Trousers,113.0,260,29380,0,Premium / High-Value Segment
840,Chinos,Trousers,113.0,260,29380,1,Value / Entry-Level Products
870,Chinos,Trousers,113.0,260,29380,1,Value / Entry-Level Products
849,Chinos,Trousers,113.0,260,29380,1,Value / Entry-Level Products
858,Chinos,Trousers,113.0,260,29380,1,Value / Entry-Level Products
863,Chinos,Trousers,113.0,260,29380,1,Value / Entry-Level Products
864,Chinos,Trousers,113.0,260,29380,1,Value / Entry-Level Products
871,Chinos,Trousers,113.0,260,29380,1,Value / Entry-Level Products
844,Chinos,Trousers,113.0,260,29380,2,Top Sellers / Volume Drivers
859,Chinos,Trousers,113.0,260,29380,1,Value / Entry-Level Products
861,Chinos,Trousers,113.0,260,29380,1,Value / Entry-Level Products
857,Chinos,Trousers,113.0,260,29380,1,Value / Entry-Level Products
867,Chinos,Trousers,113.0,260,29380,2,Top Sellers / Volume Drivers
845,Chinos,Trousers,113.0,260,29380,1,Value / Entry-Level Products
854,Chinos,Trousers,113.0,260,29380,1,Value / Entry-Level Products
869,Chinos,Trousers,113.0,260,29380,1,Value / Entry-Level Products
851,Chinos,Trousers,113.0,260,29380,1,Value / Entry-Level Products
841,Chinos,Trousers,113.0,260,29380,1,Value / Entry-Level Products
873,Chinos,Trousers,113.0,260,29380,0,Premium / High-Value Segment
853,Chinos,Trousers,113.0,260,29380,2,Top Sellers / Volume Drivers
848,Chinos,Trousers,113.0,260,29380,1,Value / Entry-Level Products
874,Chinos,Trousers,113.0,260,29380,0,Premium / High-Value Segment
855,Chinos,Trousers,113.0,260,29380,1,Value / Entry-Level Products
203,Camp Collared,Shirt,98.0,279,27342,0,Premium / High-Value Segment
180,Camp Collared,Shirt,98.0,279,27342,0,Premium / High-Value Segment
208,Camp Collared,Shirt,98.0,279,27342,2,Top Sellers / Volume Drivers
175,Camp Collared,Shirt,98.0,279,27342,0,Premium / High-Value Segment
191,Camp Collared,Shirt,98.0,279,27342,2,Top Sellers / Volume Drivers
186,Camp Collared,Shirt,98.0,279,27342,0,Premium / High-Value Segment
200,Camp Collared,Shirt,98.0,279,27342,0,Premium / High-Value Segment
185,Camp Collared,Shirt,98.0,279,27342,2,Top Sellers / Volume Drivers
207,Camp Collared,Shirt,98.0,279,27342,0,Premium / High-Value Segment
209,Camp Collared,Shirt,98.0,279,27342,0,Premium / High-Value Segment
198,Camp Collared,Shirt,98.0,279,27342,2,Top Sellers / Volume Drivers
182,Camp Collared,Shirt,98.0,279,27342,1,Value / Entry-Level Products
202,Camp Collared,Shirt,98.0,279,27342,2,Top Sellers / Volume Drivers
179,Camp Collared,Shirt,98.0,279,27342,0,Premium / High-Value Segment
204,Camp Collared,Shirt,98.0,279,27342,0,Premium / High-Value Segment
206,Camp Collared,Shirt,98.0,279,27342,0,Premium / High-Value Segment
192,Camp Collared,Shirt,98.0,279,27342,0,Premium / High-Value Segment
205,Camp Collared,Shirt,98.0,279,27342,0,Premium / High-Value Segment
178,Camp Collared,Shirt,98.0,279,27342,0,Premium / High-Value Segment
181,Camp Collared,Shirt,98.0,279,27342,0,Premium / High-Value Segment
189,Camp Collared,Shirt,98.0,279,27342,0,Premium / High-Value Segment
199,Camp Collared,Shirt,98.0,279,27342,0,Premium / High-Value Segment
188,Camp Collared,Shirt,98.0,279,27342,0,Premium / High-Value Segment
196,Camp Collared,Shirt,98.0,279,27342,0,Premium / High-Value Segment
194,Camp Collared,Shirt,98.0,279,27342,2,Top Sellers / Volume Drivers
201,Camp Collared,Shirt,98.0,279,27342,0,Premium / High-Value Segment
197,Camp Collared,Shirt,98.0,279,27342,0,Premium / High-Value Segment
187,Camp Collared,Shirt,98.0,279,27342,2,Top Sellers / Volume Drivers
190,Camp Collared,Shirt,98.0,279,27342,0,Premium / High-Value Segment
183,Camp Collared,Shirt,98.0,279,27342,0,Premium / High-Value Segment
184,Camp Collared,Shirt,98.0,279,27342,0,Premium / High-Value Segment
193,Camp Collared,Shirt,98.0,279,27342,0,Premium / High-Value Segment
195,Camp Collared,Shirt,98.0,279,27342,0,Premium / High-Value Segment
177,Camp Collared,Shirt,98.0,279,27342,0,Premium / High-Value Segment
176,Camp Collared,Shirt,98.0,279,27342,2,Top Sellers / Volume Drivers
596,Cardigan,Jacket,112.0,260,29120,1,Value / Entry-Level Products
603,Cardigan,Jacket,112.0,260,29120,0,Premium / High-Value Segment
605,Cardigan,Jacket,112.0,260,29120,1,Value / Entry-Level Products
608,Cardigan,Jacket,112.0,260,29120,1,Value / Entry-Level Products
621,Cardigan,Jacket,112.0,260,29120,1,Value / Entry-Level Products
595,Cardigan,Jacket,112.0,260,29120,1,Value / Entry-Level Products
610,Cardigan,Jacket,112.0,260,29120,1,Value / Entry-Level Products
623,Cardigan,Jacket,112.0,260,29120,1,Value / Entry-Level Products
616,Cardigan,Jacket,112.0,260,29120,1,Value / Entry-Level Products
604,Cardigan,Jacket,112.0,260,29120,1,Value / Entry-Level Products
614,Cardigan,Jacket,112.0,260,29120,0,Premium / High-Value Segment
626,Cardigan,Jacket,112.0,260,29120,2,Top Sellers / Volume Drivers
599,Cardigan,Jacket,112.0,260,29120,1,Value / Entry-Level Products
613,Cardigan,Jacket,112.0,260,29120,1,Value / Entry-Level Products
628,Cardigan,Jacket,112.0,260,29120,1,Value / Entry-Level Products
625,Cardigan,Jacket,112.0,260,29120,1,Value / Entry-Level Products
617,Cardigan,Jacket,112.0,260,29120,1,Value / Entry-Level Products
627,Cardigan,Jacket,112.0,260,29120,1,Value / Entry-Level Products
618,Cardigan,Jacket,112.0,260,29120,2,Top Sellers / Volume Drivers
600,Cardigan,Jacket,112.0,260,29120,2,Top Sellers / Volume Drivers
624,Cardigan,Jacket,112.0,260,29120,0,Premium / High-Value Segment
611,Cardigan,Jacket,112.0,260,29120,1,Value / Entry-Level Products
606,Cardigan,Jacket,112.0,260,29120,1,Value / Entry-Level Products
607,Cardigan,Jacket,112.0,260,29120,1,Value / Entry-Level Products
598,Cardigan,Jacket,112.0,260,29120,0,Premium / High-Value Segment
615,Cardigan,Jacket,112.0,260,29120,1,Value / Entry-Level Products
612,Cardigan,Jacket,112.0,260,29120,1,Value / Entry-Level Products
620,Cardigan,Jacket,112.0,260,29120,1,Value / Entry-Level Products
619,Cardigan,Jacket,112.0,260,29120,1,Value / Entry-Level Products
602,Cardigan,Jacket,112.0,260,29120,0,Premium / High-Value Segment
597,Cardigan,Jacket,112.0,260,29120,0,Premium / High-Value Segment
622,Cardigan,Jacket,112.0,260,29120,1,Value / Entry-Level Products
609,Cardigan,Jacket,112.0,260,29120,1,Value / Entry-Level Products
629,Cardigan,Jacket,112.0,260,29120,1,Value / Entry-Level Products
381,Henley,Shirt,94.0,281,26414,0,Premium / High-Value Segment
360,Henley,Shirt,94.0,281,26414,0,Premium / High-Value Segment
368,Henley,Shirt,94.0,281,26414,0,Premium / High-Value Segment
364,Henley,Shirt,94.0,281,26414,0,Premium / High-Value Segment
371,Henley,Shirt,94.0,281,26414,0,Premium / High-Value Segment
379,Henley,Shirt,94.0,281,26414,0,Premium / High-Value Segment
353,Henley,Shirt,94.0,281,26414,0,Premium / High-Value Segment
373,Henley,Shirt,94.0,281,26414,0,Premium / High-Value Segment
370,Henley,Shirt,94.0,281,26414,0,Premium / High-Value Segment
361,Henley,Shirt,94.0,281,26414,0,Premium / High-Value Segment
352,Henley,Shirt,94.0,281,26414,0,Premium / High-Value Segment
384,Henley,Shirt,94.0,281,26414,0,Premium / High-Value Segment
374,Henley,Shirt,94.0,281,26414,0,Premium / High-Value Segment
376,Henley,Shirt,94.0,281,26414,2,Top Sellers / Volume Drivers
383,Henley,Shirt,94.0,281,26414,2,Top Sellers / Volume Drivers
380,Henley,Shirt,94.0,281,26414,2,Top Sellers / Volume Drivers
372,Henley,Shirt,94.0,281,26414,0,Premium / High-Value Segment
357,Henley,Shirt,94.0,281,26414,0,Premium / High-Value Segment
359,Henley,Shirt,94.0,281,26414,2,Top Sellers / Volume Drivers
362,Henley,Shirt,94.0,281,26414,0,Premium / High-Value Segment
382,Henley,Shirt,94.0,281,26414,0,Premium / High-Value Segment
355,Henley,Shirt,94.0,281,26414,2,Top Sellers / Volume Drivers
363,Henley,Shirt,94.0,281,26414,0,Premium / High-Value Segment
350,Henley,Shirt,94.0,281,26414,2,Top Sellers / Volume Drivers
358,Henley,Shirt,94.0,281,26414,2,Top Sellers / Volume Drivers
378,Henley,Shirt,94.0,281,26414,0,Premium / High-Value Segment
365,Henley,Shirt,94.0,281,26414,0,Premium / High-Value Segment
354,Henley,Shirt,94.0,281,26414,0,Premium / High-Value Segment
369,Henley,Shirt,94.0,281,26414,0,Premium / High-Value Segment
356,Henley,Shirt,94.0,281,26414,0,Premium / High-Value Segment
366,Henley,Shirt,94.0,281,26414,2,Top Sellers / Volume Drivers
351,Henley,Shirt,94.0,281,26414,2,Top Sellers / Volume Drivers
375,Henley,Shirt,94.0,281,26414,2,Top Sellers / Volume Drivers
367,Henley,Shirt,94.0,281,26414,2,Top Sellers / Volume Drivers
377,Henley,Shirt,94.0,281,26414,0,Premium / High-Value Segment
1249,Tracksuit Bottoms,Trousers,112.0,257,28784,1,Value / Entry-Level Products
1259,Tracksuit Bottoms,Trousers,112.0,257,28784,1,Value / Entry-Level Products
1245,Tracksuit Bottoms,Trousers,112.0,257,28784,1,Value / Entry-Level Products
1257,Tracksuit Bottoms,Trousers,112.0,257,28784,1,Value / Entry-Level Products
1225,Tracksuit Bottoms,Trousers,112.0,257,28784,2,Top Sellers / Volume Drivers
1253,Tracksuit Bottoms,Trousers,112.0,257,28784,1,Value / Entry-Level Products
1258,Tracksuit Bottoms,Trousers,112.0,257,28784,1,Value / Entry-Level Products
1244,Tracksuit Bottoms,Trousers,112.0,257,28784,1,Value / Entry-Level Products
1247,Tracksuit Bottoms,Trousers,112.0,257,28784,1,Value / Entry-Level Products
1238,Tracksuit Bottoms,Trousers,112.0,257,28784,0,Premium / High-Value Segment
1242,Tracksuit Bottoms,Trousers,112.0,257,28784,1,Value / Entry-Level Products
1236,Tracksuit Bottoms,Trousers,112.0,257,28784,1,Value / Entry-Level Products
1231,Tracksuit Bottoms,Trousers,112.0,257,28784,1,Value / Entry-Level Products
1227,Tracksuit Bottoms,Trousers,112.0,257,28784,1,Value / Entry-Level Products
1237,Tracksuit Bottoms,Trousers,112.0,257,28784,1,Value / Entry-Level Products
1250,Tracksuit Bottoms,Trousers,112.0,257,28784,1,Value / Entry-Level Products
1230,Tracksuit Bottoms,Trousers,112.0,257,28784,1,Value / Entry-Level Products
1235,Tracksuit Bottoms,Trousers,112.0,257,28784,1,Value / Entry-Level Products
1246,Tracksuit Bottoms,Trousers,112.0,257,28784,1,Value / Entry-Level Products
1229,Tracksuit Bottoms,Trousers,112.0,257,28784,2,Top Sellers / Volume Drivers
1239,Tracksuit Bottoms,Trousers,112.0,257,28784,1,Value / Entry-Level Products
1241,Tracksuit Bottoms,Trousers,112.0,257,28784,1,Value / Entry-Level Products
1226,Tracksuit Bottoms,Trousers,112.0,257,28784,1,Value / Entry-Level Products
1232,Tracksuit Bottoms,Trousers,112.0,257,28784,1,Value / Entry-Level Products
1256,Tracksuit Bottoms,Trousers,112.0,257,28784,1,Value / Entry-Level Products
1233,Tracksuit Bottoms,Trousers,112.0,257,28784,1,Value / Entry-Level Products
1234,Tracksuit Bottoms,Trousers,112.0,257,28784,1,Value / Entry-Level Products
1254,Tracksuit Bottoms,Trousers,112.0,257,28784,1,Value / Entry-Level Products
1252,Tracksuit Bottoms,Trousers,112.0,257,28784,2,Top Sellers / Volume Drivers
1255,Tracksuit Bottoms,Trousers,112.0,257,28784,1,Value / Entry-Level Products
1248,Tracksuit Bottoms,Trousers,112.0,257,28784,1,Value / Entry-Level Products
1240,Tracksuit Bottoms,Trousers,112.0,257,28784,0,Premium / High-Value Segment
1228,Tracksuit Bottoms,Trousers,112.0,257,28784,1,Value / Entry-Level Products
1243,Tracksuit Bottoms,Trousers,112.0,257,28784,2,Top Sellers / Volume Drivers
1146,Cargo Pants,Trousers,102.0,267,27234,0,Premium / High-Value Segment
1127,Cargo Pants,Trousers,102.0,267,27234,0,Premium / High-Value Segment
1141,Cargo Pants,Trousers,102.0,267,27234,0,Premium / High-Value Segment
1148,Cargo Pants,Trousers,102.0,267,27234,0,Premium / High-Value Segment
1135,Cargo Pants,Trousers,102.0,267,27234,2,Top Sellers / Volume Drivers
1132,Cargo Pants,Trousers,102.0,267,27234,0,Premium / High-Value Segment
1129,Cargo Pants,Trousers,102.0,267,27234,0,Premium / High-Value Segment
1128,Cargo Pants,Trousers,102.0,267,27234,0,Premium / High-Value Segment
1123,Cargo Pants,Trousers,102.0,267,27234,2,Top Sellers / Volume Drivers
1144,Cargo Pants,Trousers,102.0,267,27234,0,Premium / High-Value Segment
1126,Cargo Pants,Trousers,102.0,267,27234,0,Premium / High-Value Segment
1138,Cargo Pants,Trousers,102.0,267,27234,0,Premium / High-Value Segment
1142,Cargo Pants,Trousers,102.0,267,27234,0,Premium / High-Value Segment
1137,Cargo Pants,Trousers,102.0,267,27234,0,Premium / High-Value Segment
1130,Cargo Pants,Trousers,102.0,267,27234,0,Premium / High-Value Segment
1145,Cargo Pants,Trousers,102.0,267,27234,0,Premium / High-Value Segment
1149,Cargo Pants,Trousers,102.0,267,27234,0,Premium / High-Value Segment
1121,Cargo Pants,Trousers,102.0,267,27234,0,Premium / High-Value Segment
1124,Cargo Pants,Trousers,102.0,267,27234,0,Premium / High-Value Segment
1150,Cargo Pants,Trousers,102.0,267,27234,0,Premium / High-Value Segment
1140,Cargo Pants,Trousers,102.0,267,27234,0,Premium / High-Value Segment
1134,Cargo Pants,Trousers,102.0,267,27234,0,Premium / High-Value Segment
1122,Cargo Pants,Trousers,102.0,267,27234,0,Premium / High-Value Segment
1152,Cargo Pants,Trousers,102.0,267,27234,0,Premium / High-Value Segment
1143,Cargo Pants,Trousers,102.0,267,27234,0,Premium / High-Value Segment
1153,Cargo Pants,Trousers,102.0,267,27234,0,Premium / High-Value Segment
1125,Cargo Pants,Trousers,102.0,267,27234,1,Value / Entry-Level Products
1154,Cargo Pants,Trousers,102.0,267,27234,2,Top Sellers / Volume Drivers
1133,Cargo Pants,Trousers,102.0,267,27234,2,Top Sellers / Volume Drivers
1136,Cargo Pants,Trousers,102.0,267,27234,0,Premium / High-Value Segment
1131,Cargo Pants,Trousers,102.0,267,27234,0,Premium / High-Value Segment
1139,Cargo Pants,Trousers,102.0,267,27234,2,Top Sellers / Volume Drivers
1120,Cargo Pants,Trousers,102.0,267,27234,2,Top Sellers / Volume Drivers
1147,Cargo Pants,Trousers,102.0,267,27234,0,Premium / High-Value Segment
1151,Cargo Pants,Trousers,102.0,267,27234,0,Premium / High-Value Segment
804,Pullover,Jacket,91.0,276,25116,0,Premium / High-Value Segment
780,Pullover,Jacket,91.0,276,25116,0,Premium / High-Value Segment
782,Pullover,Jacket,91.0,276,25116,0,Premium / High-Value Segment
800,Pullover,Jacket,91.0,276,25116,2,Top Sellers / Volume Drivers
791,Pullover,Jacket,91.0,276,25116,0,Premium / High-Value Segment
803,Pullover,Jacket,91.0,276,25116,0,Premium / High-Value Segment
775,Pullover,Jacket,91.0,276,25116,2,Top Sellers / Volume Drivers
777,Pullover,Jacket,91.0,276,25116,0,Premium / High-Value Segment
773,Pullover,Jacket,91.0,276,25116,0,Premium / High-Value Segment
786,Pullover,Jacket,91.0,276,25116,0,Premium / High-Value Segment
801,Pullover,Jacket,91.0,276,25116,0,Premium / High-Value Segment
798,Pullover,Jacket,91.0,276,25116,0,Premium / High-Value Segment
770,Pullover,Jacket,91.0,276,25116,0,Premium / High-Value Segment
772,Pullover,Jacket,91.0,276,25116,2,Top Sellers / Volume Drivers
787,Pullover,Jacket,91.0,276,25116,0,Premium / High-Value Segment
779,Pullover,Jacket,91.0,276,25116,0,Premium / High-Value Segment
792,Pullover,Jacket,91.0,276,25116,2,Top Sellers / Volume Drivers
785,Pullover,Jacket,91.0,276,25116,0,Premium / High-Value Segment
795,Pullover,Jacket,91.0,276,25116,0,Premium / High-Value Segment
788,Pullover,Jacket,91.0,276,25116,0,Premium / High-Value Segment
771,Pullover,Jacket,91.0,276,25116,0,Premium / High-Value Segment
793,Pullover,Jacket,91.0,276,25116,0,Premium / High-Value Segment
796,Pullover,Jacket,91.0,276,25116,0,Premium / High-Value Segment
794,Pullover,Jacket,91.0,276,25116,0,Premium / High-Value Segment
790,Pullover,Jacket,91.0,276,25116,0,Premium / High-Value Segment
797,Pullover,Jacket,91.0,276,25116,2,Top Sellers / Volume Drivers
802,Pullover,Jacket,91.0,276,25116,0,Premium / High-Value Segment
776,Pullover,Jacket,91.0,276,25116,2,Top Sellers / Volume Drivers
774,Pullover,Jacket,91.0,276,25116,0,Premium / High-Value Segment
789,Pullover,Jacket,91.0,276,25116,0,Premium / High-Value Segment
778,Pullover,Jacket,91.0,276,25116,0,Premium / High-Value Segment
783,Pullover,Jacket,91.0,276,25116,2,Top Sellers / Volume Drivers
781,Pullover,Jacket,91.0,276,25116,0,Premium / High-Value Segment
784,Pullover,Jacket,91.0,276,25116,0,Premium / High-Value Segment
799,Pullover,Jacket,91.0,276,25116,2,Top Sellers / Volume Drivers
555,Leather,Jacket,98.0,263,25774,0,Premium / High-Value Segment
527,Leather,Jacket,98.0,263,25774,0,Premium / High-Value Segment
549,Leather,Jacket,98.0,263,25774,2,Top Sellers / Volume Drivers
548,Leather,Jacket,98.0,263,25774,0,Premium / High-Value Segment
535,Leather,Jacket,98.0,263,25774,0,Premium / High-Value Segment
528,Leather,Jacket,98.0,263,25774,2,Top Sellers / Volume Drivers
545,Leather,Jacket,98.0,263,25774,0,Premium / High-Value Segment
541,Leather,Jacket,98.0,263,25774,0,Premium / High-Value Segment
533,Leather,Jacket,98.0,263,25774,0,Premium / High-Value Segment
539,Leather,Jacket,98.0,263,25774,0,Premium / High-Value Segment
532,Leather,Jacket,98.0,263,25774,0,Premium / High-Value Segment
551,Leather,Jacket,98.0,263,25774,0,Premium / High-Value Segment
553,Leather,Jacket,98.0,263,25774,0,Premium / High-Value Segment
542,Leather,Jacket,98.0,263,25774,2,Top Sellers / Volume Drivers
537,Leather,Jacket,98.0,263,25774,0,Premium / High-Value Segment
525,Leather,Jacket,98.0,263,25774,2,Top Sellers / Volume Drivers
526,Leather,Jacket,98.0,263,25774,0,Premium / High-Value Segment
546,Leather,Jacket,98.0,263,25774,0,Premium / High-Value Segment
547,Leather,Jacket,98.0,263,25774,0,Premium / High-Value Segment
540,Leather,Jacket,98.0,263,25774,0,Premium / High-Value Segment
534,Leather,Jacket,98.0,263,25774,0,Premium / High-Value Segment
550,Leather,Jacket,98.0,263,25774,0,Premium / High-Value Segment
543,Leather,Jacket,98.0,263,25774,0,Premium / High-Value Segment
554,Leather,Jacket,98.0,263,25774,0,Premium / High-Value Segment
538,Leather,Jacket,98.0,263,25774,2,Top Sellers / Volume Drivers
557,Leather,Jacket,98.0,263,25774,0,Premium / High-Value Segment
530,Leather,Jacket,98.0,263,25774,0,Premium / High-Value Segment
544,Leather,Jacket,98.0,263,25774,0,Premium / High-Value Segment
529,Leather,Jacket,98.0,263,25774,2,Top Sellers / Volume Drivers
556,Leather,Jacket,98.0,263,25774,0,Premium / High-Value Segment
536,Leather,Jacket,98.0,263,25774,0,Premium / High-Value Segment
558,Leather,Jacket,98.0,263,25774,2,Top Sellers / Volume Drivers
552,Leather,Jacket,98.0,263,25774,0,Premium / High-Value Segment
559,Leather,Jacket,98.0,263,25774,0,Premium / High-Value Segment
291,Cuban Collar,Shirt,105.0,254,26670,0,Premium / High-Value Segment
297,Cuban Collar,Shirt,105.0,254,26670,0,Premium / High-Value Segment
285,Cuban Collar,Shirt,105.0,254,26670,0,Premium / High-Value Segment
298,Cuban Collar,Shirt,105.0,254,26670,1,Value / Entry-Level Products
302,Cuban Collar,Shirt,105.0,254,26670,0,Premium / High-Value Segment
311,Cuban Collar,Shirt,105.0,254,26670,1,Value / Entry-Level Products
307,Cuban Collar,Shirt,105.0,254,26670,0,Premium / High-Value Segment
306,Cuban Collar,Shirt,105.0,254,26670,1,Value / Entry-Level Products
312,Cuban Collar,Shirt,105.0,254,26670,2,Top Sellers / Volume Drivers
310,Cuban Collar,Shirt,105.0,254,26670,1,Value / Entry-Level Products
280,Cuban Collar,Shirt,105.0,254,26670,0,Premium / High-Value Segment
295,Cuban Collar,Shirt,105.0,254,26670,1,Value / Entry-Level Products
287,Cuban Collar,Shirt,105.0,254,26670,0,Premium / High-Value Segment
314,Cuban Collar,Shirt,105.0,254,26670,0,Premium / High-Value Segment
300,Cuban Collar,Shirt,105.0,254,26670,1,Value / Entry-Level Products
282,Cuban Collar,Shirt,105.0,254,26670,2,Top Sellers / Volume Drivers
303,Cuban Collar,Shirt,105.0,254,26670,0,Premium / High-Value Segment
288,Cuban Collar,Shirt,105.0,254,26670,0,Premium / High-Value Segment
313,Cuban Collar,Shirt,105.0,254,26670,1,Value / Entry-Level Products
289,Cuban Collar,Shirt,105.0,254,26670,1,Value / Entry-Level Products
293,Cuban Collar,Shirt,105.0,254,26670,0,Premium / High-Value Segment
308,Cuban Collar,Shirt,105.0,254,26670,0,Premium / High-Value Segment
283,Cuban Collar,Shirt,105.0,254,26670,2,Top Sellers / Volume Drivers
305,Cuban Collar,Shirt,105.0,254,26670,2,Top Sellers / Volume Drivers
286,Cuban Collar,Shirt,105.0,254,26670,1,Value / Entry-Level Products
284,Cuban Collar,Shirt,105.0,254,26670,0,Premium / High-Value Segment
299,Cuban Collar,Shirt,105.0,254,26670,0,Premium / High-Value Segment
290,Cuban Collar,Shirt,105.0,254,26670,2,Top Sellers / Volume Drivers
281,Cuban Collar,Shirt,105.0,254,26670,2,Top Sellers / Volume Drivers
309,Cuban Collar,Shirt,105.0,254,26670,2,Top Sellers / Volume Drivers
294,Cuban Collar,Shirt,105.0,254,26670,0,Premium / High-Value Segment
301,Cuban Collar,Shirt,105.0,254,26670,2,Top Sellers / Volume Drivers
296,Cuban Collar,Shirt,105.0,254,26670,2,Top Sellers / Volume Drivers
304,Cuban Collar,Shirt,105.0,254,26670,2,Top Sellers / Volume Drivers
292,Cuban Collar,Shirt,105.0,254,26670,2,Top Sellers / Volume Drivers
157,Linen,Shirt,91.0,270,24570,0,Premium / High-Value Segment
148,Linen,Shirt,91.0,270,24570,0,Premium / High-Value Segment
172,Linen,Shirt,91.0,270,24570,0,Premium / High-Value Segment
154,Linen,Shirt,91.0,270,24570,2,Top Sellers / Volume Drivers
163,Linen,Shirt,91.0,270,24570,2,Top Sellers / Volume Drivers
142,Linen,Shirt,91.0,270,24570,2,Top Sellers / Volume Drivers
143,Linen,Shirt,91.0,270,24570,2,Top Sellers / Volume Drivers
174,Linen,Shirt,91.0,270,24570,0,Premium / High-Value Segment
159,Linen,Shirt,91.0,270,24570,0,Premium / High-Value Segment
155,Linen,Shirt,91.0,270,24570,0,Premium / High-Value Segment
153,Linen,Shirt,91.0,270,24570,2,Top Sellers / Volume Drivers
171,Linen,Shirt,91.0,270,24570,0,Premium / High-Value Segment
165,Linen,Shirt,91.0,270,24570,0,Premium / High-Value Segment
152,Linen,Shirt,91.0,270,24570,2,Top Sellers / Volume Drivers
145,Linen,Shirt,91.0,270,24570,0,Premium / High-Value Segment
140,Linen,Shirt,91.0,270,24570,0,Premium / High-Value Segment
160,Linen,Shirt,91.0,270,24570,2,Top Sellers / Volume Drivers
162,Linen,Shirt,91.0,270,24570,0,Premium / High-Value Segment
168,Linen,Shirt,91.0,270,24570,0,Premium / High-Value Segment
149,Linen,Shirt,91.0,270,24570,2,Top Sellers / Volume Drivers
141,Linen,Shirt,91.0,270,24570,0,Premium / High-Value Segment
170,Linen,Shirt,91.0,270,24570,0,Premium / High-Value Segment
161,Linen,Shirt,91.0,270,24570,0,Premium / High-Value Segment
158,Linen,Shirt,91.0,270,24570,2,Top Sellers / Volume Drivers
146,Linen,Shirt,91.0,270,24570,0,Premium / High-Value Segment
147,Linen,Shirt,91.0,270,24570,0,Premium / High-Value Segment
173,Linen,Shirt,91.0,270,24570,2,Top Sellers / Volume Drivers
164,Linen,Shirt,91.0,270,24570,2,Top Sellers / Volume Drivers
169,Linen,Shirt,91.0,270,24570,0,Premium / High-Value Segment
156,Linen,Shirt,91.0,270,24570,0,Premium / High-Value Segment
144,Linen,Shirt,91.0,270,24570,0,Premium / High-Value Segment
151,Linen,Shirt,91.0,270,24570,2,Top Sellers / Volume Drivers
167,Linen,Shirt,91.0,270,24570,0,Premium / High-Value Segment
166,Linen,Shirt,91.0,270,24570,0,Premium / High-Value Segment
150,Linen,Shirt,91.0,270,24570,0,Premium / High-Value Segment
256,Polo,Shirt,95.0,264,25080,2,Top Sellers / Volume Drivers
273,Polo,Shirt,95.0,264,25080,0,Premium / High-Value Segment
246,Polo,Shirt,95.0,264,25080,0,Premium / High-Value Segment
268,Polo,Shirt,95.0,264,25080,0,Premium / High-Value Segment
260,Polo,Shirt,95.0,264,25080,0,Premium / High-Value Segment
276,Polo,Shirt,95.0,264,25080,2,Top Sellers / Volume Drivers
278,Polo,Shirt,95.0,264,25080,0,Premium / High-Value Segment
271,Polo,Shirt,95.0,264,25080,0,Premium / High-Value Segment
269,Polo,Shirt,95.0,264,25080,0,Premium / High-Value Segment
248,Polo,Shirt,95.0,264,25080,0,Premium / High-Value Segment
259,Polo,Shirt,95.0,264,25080,0,Premium / High-Value Segment
249,Polo,Shirt,95.0,264,25080,0,Premium / High-Value Segment
266,Polo,Shirt,95.0,264,25080,0,Premium / High-Value Segment
258,Polo,Shirt,95.0,264,25080,0,Premium / High-Value Segment
250,Polo,Shirt,95.0,264,25080,2,Top Sellers / Volume Drivers
263,Polo,Shirt,95.0,264,25080,0,Premium / High-Value Segment
257,Polo,Shirt,95.0,264,25080,2,Top Sellers / Volume Drivers
275,Polo,Shirt,95.0,264,25080,0,Premium / High-Value Segment
272,Polo,Shirt,95.0,264,25080,2,Top Sellers / Volume Drivers
254,Polo,Shirt,95.0,264,25080,0,Premium / High-Value Segment
262,Polo,Shirt,95.0,264,25080,0,Premium / High-Value Segment
245,Polo,Shirt,95.0,264,25080,0,Premium / High-Value Segment
277,Polo,Shirt,95.0,264,25080,0,Premium / High-Value Segment
279,Polo,Shirt,95.0,264,25080,0,Premium / High-Value Segment
252,Polo,Shirt,95.0,264,25080,2,Top Sellers / Volume Drivers
253,Polo,Shirt,95.0,264,25080,2,Top Sellers / Volume Drivers
247,Polo,Shirt,95.0,264,25080,0,Premium / High-Value Segment
264,Polo,Shirt,95.0,264,25080,2,Top Sellers / Volume Drivers
270,Polo,Shirt,95.0,264,25080,0,Premium / High-Value Segment
274,Polo,Shirt,95.0,264,25080,0,Premium / High-Value Segment
251,Polo,Shirt,95.0,264,25080,0,Premium / High-Value Segment
265,Polo,Shirt,95.0,264,25080,0,Premium / High-Value Segment
267,Polo,Shirt,95.0,264,25080,2,Top Sellers / Volume Drivers
261,Polo,Shirt,95.0,264,25080,0,Premium / High-Value Segment
255,Polo,Shirt,95.0,264,25080,0,Premium / High-Value Segment
1002,Wool,Trousers,106.0,249,26394,1,Value / Entry-Level Products
981,Wool,Trousers,106.0,249,26394,1,Value / Entry-Level Products
1010,Wool,Trousers,106.0,249,26394,0,Premium / High-Value Segment
991,Wool,Trousers,106.0,249,26394,1,Value / Entry-Level Products
995,Wool,Trousers,106.0,249,26394,0,Premium / High-Value Segment
1012,Wool,Trousers,106.0,249,26394,0,Premium / High-Value Segment
1014,Wool,Trousers,106.0,249,26394,0,Premium / High-Value Segment
1001,Wool,Trousers,106.0,249,26394,0,Premium / High-Value Segment
987,Wool,Trousers,106.0,249,26394,2,Top Sellers / Volume Drivers
994,Wool,Trousers,106.0,249,26394,0,Premium / High-Value Segment
982,Wool,Trousers,106.0,249,26394,1,Value / Entry-Level Products
997,Wool,Trousers,106.0,249,26394,0,Premium / High-Value Segment
984,Wool,Trousers,106.0,249,26394,0,Premium / High-Value Segment
989,Wool,Trousers,106.0,249,26394,2,Top Sellers / Volume Drivers
992,Wool,Trousers,106.0,249,26394,0,Premium / High-Value Segment
1005,Wool,Trousers,106.0,249,26394,2,Top Sellers / Volume Drivers
990,Wool,Trousers,106.0,249,26394,0,Premium / High-Value Segment
1006,Wool,Trousers,106.0,249,26394,0,Premium / High-Value Segment
1007,Wool,Trousers,106.0,249,26394,1,Value / Entry-Level Products
1000,Wool,Trousers,106.0,249,26394,1,Value / Entry-Level Products
1009,Wool,Trousers,106.0,249,26394,0,Premium / High-Value Segment
999,Wool,Trousers,106.0,249,26394,2,Top Sellers / Volume Drivers
1003,Wool,Trousers,106.0,249,26394,1,Value / Entry-Level Products
1013,Wool,Trousers,106.0,249,26394,2,Top Sellers / Volume Drivers
983,Wool,Trousers,106.0,249,26394,0,Premium / High-Value Segment
1004,Wool,Trousers,106.0,249,26394,2,Top Sellers / Volume Drivers
986,Wool,Trousers,106.0,249,26394,2,Top Sellers / Volume Drivers
988,Wool,Trousers,106.0,249,26394,2,Top Sellers / Volume Drivers
980,Wool,Trousers,106.0,249,26394,0,Premium / High-Value Segment
996,Wool,Trousers,106.0,249,26394,2,Top Sellers / Volume Drivers
993,Wool,Trousers,106.0,249,26394,2,Top Sellers / Volume Drivers
1011,Wool,Trousers,106.0,249,26394,1,Value / Entry-Level Products
1008,Wool,Trousers,106.0,249,26394,1,Value / Entry-Level Products
998,Wool,Trousers,106.0,249,26394,0,Premium / High-Value Segment
635,Coach,Jacket,93.0,265,24645,0,Premium / High-Value Segment
639,Coach,Jacket,93.0,265,24645,0,Premium / High-Value Segment
632,Coach,Jacket,93.0,265,24645,2,Top Sellers / Volume Drivers
633,Coach,Jacket,93.0,265,24645,0,Premium / High-Value Segment
636,Coach,Jacket,93.0,265,24645,0,Premium / High-Value Segment
645,Coach,Jacket,93.0,265,24645,0,Premium / High-Value Segment
631,Coach,Jacket,93.0,265,24645,2,Top Sellers / Volume Drivers
650,Coach,Jacket,93.0,265,24645,0,Premium / High-Value Segment
664,Coach,Jacket,93.0,265,24645,0,Premium / High-Value Segment
641,Coach,Jacket,93.0,265,24645,0,Premium / High-Value Segment
643,Coach,Jacket,93.0,265,24645,0,Premium / High-Value Segment
663,Coach,Jacket,93.0,265,24645,2,Top Sellers / Volume Drivers
647,Coach,Jacket,93.0,265,24645,0,Premium / High-Value Segment
660,Coach,Jacket,93.0,265,24645,0,Premium / High-Value Segment
640,Coach,Jacket,93.0,265,24645,0,Premium / High-Value Segment
658,Coach,Jacket,93.0,265,24645,2,Top Sellers / Volume Drivers
653,Coach,Jacket,93.0,265,24645,2,Top Sellers / Volume Drivers
654,Coach,Jacket,93.0,265,24645,0,Premium / High-Value Segment
630,Coach,Jacket,93.0,265,24645,0,Premium / High-Value Segment
655,Coach,Jacket,93.0,265,24645,0,Premium / High-Value Segment
661,Coach,Jacket,93.0,265,24645,2,Top Sellers / Volume Drivers
634,Coach,Jacket,93.0,265,24645,0,Premium / High-Value Segment
642,Coach,Jacket,93.0,265,24645,0,Premium / High-Value Segment
644,Coach,Jacket,93.0,265,24645,2,Top Sellers / Volume Drivers
656,Coach,Jacket,93.0,265,24645,0,Premium / High-Value Segment
649,Coach,Jacket,93.0,265,24645,0,Premium / High-Value Segment
657,Coach,Jacket,93.0,265,24645,0,Premium / High-Value Segment
646,Coach,Jacket,93.0,265,24645,2,Top Sellers / Volume Drivers
651,Coach,Jacket,93.0,265,24645,0,Premium / High-Value Segment
662,Coach,Jacket,93.0,265,24645,2,Top Sellers / Volume Drivers
637,Coach,Jacket,93.0,265,24645,0,Premium / High-Value Segment
652,Coach,Jacket,93.0,265,24645,0,Premium / High-Value Segment
659,Coach,Jacket,93.0,265,24645,2,Top Sellers / Volume Drivers
54,Dress,Shirt,104.0,243,25272,0,Premium / High-Value Segment
38,Dress,Shirt,104.0,243,25272,0,Premium / High-Value Segment
35,Dress,Shirt,104.0,243,25272,0,Premium / High-Value Segment
62,Dress,Shirt,104.0,243,25272,0,Premium / High-Value Segment
37,Dress,Shirt,104.0,243,25272,0,Premium / High-Value Segment
49,Dress,Shirt,104.0,243,25272,0,Premium / High-Value Segment
40,Dress,Shirt,104.0,243,25272,2,Top Sellers / Volume Drivers
56,Dress,Shirt,104.0,243,25272,0,Premium / High-Value Segment
64,Dress,Shirt,104.0,243,25272,0,Premium / High-Value Segment
55,Dress,Shirt,104.0,243,25272,2,Top Sellers / Volume Drivers
50,Dress,Shirt,104.0,243,25272,2,Top Sellers / Volume Drivers
67,Dress,Shirt,104.0,243,25272,2,Top Sellers / Volume Drivers
39,Dress,Shirt,104.0,243,25272,0,Premium / High-Value Segment
66,Dress,Shirt,104.0,243,25272,0,Premium / High-Value Segment
63,Dress,Shirt,104.0,243,25272,1,Value / Entry-Level Products
58,Dress,Shirt,104.0,243,25272,0,Premium / High-Value Segment
60,Dress,Shirt,104.0,243,25272,0,Premium / High-Value Segment
51,Dress,Shirt,104.0,243,25272,0,Premium / High-Value Segment
48,Dress,Shirt,104.0,243,25272,0,Premium / High-Value Segment
43,Dress,Shirt,104.0,243,25272,1,Value / Entry-Level Products
57,Dress,Shirt,104.0,243,25272,2,Top Sellers / Volume Drivers
41,Dress,Shirt,104.0,243,25272,2,Top Sellers / Volume Drivers
36,Dress,Shirt,104.0,243,25272,0,Premium / High-Value Segment
61,Dress,Shirt,104.0,243,25272,0,Premium / High-Value Segment
65,Dress,Shirt,104.0,243,25272,0,Premium / High-Value Segment
52,Dress,Shirt,104.0,243,25272,0,Premium / High-Value Segment
45,Dress,Shirt,104.0,243,25272,0,Premium / High-Value Segment
69,Dress,Shirt,104.0,243,25272,0,Premium / High-Value Segment
46,Dress,Shirt,104.0,243,25272,2,Top Sellers / Volume Drivers
42,Dress,Shirt,104.0,243,25272,2,Top Sellers / Volume Drivers
44,Dress,Shirt,104.0,243,25272,2,Top Sellers / Volume Drivers
59,Dress,Shirt,104.0,243,25272,0,Premium / High-Value Segment
47,Dress,Shirt,104.0,243,25272,0,Premium / High-Value Segment
68,Dress,Shirt,104.0,243,25272,2,Top Sellers / Volume Drivers
53,Dress,Shirt,104.0,243,25272,0,Premium / High-Value Segment
325,Mandarin Collar,Shirt,109.0,236,25724,1,Value / Entry-Level Products
324,Mandarin Collar,Shirt,109.0,236,25724,2,Top Sellers / Volume Drivers
347,Mandarin Collar,Shirt,109.0,236,25724,0,Premium / High-Value Segment
316,Mandarin Collar,Shirt,109.0,236,25724,1,Value / Entry-Level Products
321,Mandarin Collar,Shirt,109.0,236,25724,0,Premium / High-Value Segment
323,Mandarin Collar,Shirt,109.0,236,25724,0,Premium / High-Value Segment
322,Mandarin Collar,Shirt,109.0,236,25724,2,Top Sellers / Volume Drivers
338,Mandarin Collar,Shirt,109.0,236,25724,0,Premium / High-Value Segment
317,Mandarin Collar,Shirt,109.0,236,25724,1,Value / Entry-Level Products
333,Mandarin Collar,Shirt,109.0,236,25724,0,Premium / High-Value Segment
330,Mandarin Collar,Shirt,109.0,236,25724,2,Top Sellers / Volume Drivers
345,Mandarin Collar,Shirt,109.0,236,25724,0,Premium / High-Value Segment
339,Mandarin Collar,Shirt,109.0,236,25724,0,Premium / High-Value Segment
327,Mandarin Collar,Shirt,109.0,236,25724,1,Value / Entry-Level Products
332,Mandarin Collar,Shirt,109.0,236,25724,0,Premium / High-Value Segment
349,Mandarin Collar,Shirt,109.0,236,25724,1,Value / Entry-Level Products
340,Mandarin Collar,Shirt,109.0,236,25724,2,Top Sellers / Volume Drivers
328,Mandarin Collar,Shirt,109.0,236,25724,0,Premium / High-Value Segment
329,Mandarin Collar,Shirt,109.0,236,25724,0,Premium / High-Value Segment
318,Mandarin Collar,Shirt,109.0,236,25724,1,Value / Entry-Level Products
348,Mandarin Collar,Shirt,109.0,236,25724,0,Premium / High-Value Segment
343,Mandarin Collar,Shirt,109.0,236,25724,1,Value / Entry-Level Products
336,Mandarin Collar,Shirt,109.0,236,25724,0,Premium / High-Value Segment
344,Mandarin Collar,Shirt,109.0,236,25724,1,Value / Entry-Level Products
334,Mandarin Collar,Shirt,109.0,236,25724,2,Top Sellers / Volume Drivers
319,Mandarin Collar,Shirt,109.0,236,25724,1,Value / Entry-Level Products
331,Mandarin Collar,Shirt,109.0,236,25724,1,Value / Entry-Level Products
346,Mandarin Collar,Shirt,109.0,236,25724,2,Top Sellers / Volume Drivers
337,Mandarin Collar,Shirt,109.0,236,25724,2,Top Sellers / Volume Drivers
320,Mandarin Collar,Shirt,109.0,236,25724,0,Premium / High-Value Segment
335,Mandarin Collar,Shirt,109.0,236,25724,2,Top Sellers / Volume Drivers
341,Mandarin Collar,Shirt,109.0,236,25724,0,Premium / High-Value Segment
326,Mandarin Collar,Shirt,109.0,236,25724,1,Value / Entry-Level Products
342,Mandarin Collar,Shirt,109.0,236,25724,0,Premium / High-Value Segment
877,Cords,Trousers,94.0,246,23124,0,Premium / High-Value Segment
909,Cords,Trousers,94.0,246,23124,2,Top Sellers / Volume Drivers
906,Cords,Trousers,94.0,246,23124,0,Premium / High-Value Segment
907,Cords,Trousers,94.0,246,23124,0,Premium / High-Value Segment
892,Cords,Trousers,94.0,246,23124,0,Premium / High-Value Segment
879,Cords,Trousers,94.0,246,23124,0,Premium / High-Value Segment
883,Cords,Trousers,94.0,246,23124,0,Premium / High-Value Segment
901,Cords,Trousers,94.0,246,23124,0,Premium / High-Value Segment
878,Cords,Trousers,94.0,246,23124,0,Premium / High-Value Segment
882,Cords,Trousers,94.0,246,23124,0,Premium / High-Value Segment
891,Cords,Trousers,94.0,246,23124,0,Premium / High-Value Segment
884,Cords,Trousers,94.0,246,23124,0,Premium / High-Value Segment
890,Cords,Trousers,94.0,246,23124,0,Premium / High-Value Segment
881,Cords,Trousers,94.0,246,23124,0,Premium / High-Value Segment
897,Cords,Trousers,94.0,246,23124,0,Premium / High-Value Segment
904,Cords,Trousers,94.0,246,23124,0,Premium / High-Value Segment
896,Cords,Trousers,94.0,246,23124,0,Premium / High-Value Segment
899,Cords,Trousers,94.0,246,23124,0,Premium / High-Value Segment
893,Cords,Trousers,94.0,246,23124,0,Premium / High-Value Segment
895,Cords,Trousers,94.0,246,23124,0,Premium / High-Value Segment
908,Cords,Trousers,94.0,246,23124,0,Premium / High-Value Segment
900,Cords,Trousers,94.0,246,23124,2,Top Sellers / Volume Drivers
886,Cords,Trousers,94.0,246,23124,0,Premium / High-Value Segment
889,Cords,Trousers,94.0,246,23124,0,Premium / High-Value Segment
880,Cords,Trousers,94.0,246,23124,0,Premium / High-Value Segment
888,Cords,Trousers,94.0,246,23124,0,Premium / High-Value Segment
887,Cords,Trousers,94.0,246,23124,0,Premium / High-Value Segment
885,Cords,Trousers,94.0,246,23124,0,Premium / High-Value Segment
903,Cords,Trousers,94.0,246,23124,0,Premium / High-Value Segment
902,Cords,Trousers,94.0,246,23124,0,Premium / High-Value Segment
894,Cords,Trousers,94.0,246,23124,0,Premium / High-Value Segment
898,Cords,Trousers,94.0,246,23124,0,Premium / High-Value Segment
876,Cords,Trousers,94.0,246,23124,2,Top Sellers / Volume Drivers
875,Cords,Trousers,94.0,246,23124,0,Premium / High-Value Segment
905,Cords,Trousers,94.0,246,23124,0,Premium / High-Value Segment
